1,Santiago de Compostela,STG,2021-11-11 03:55:24,Alicante,ALC,2021-11-11 04:45:24,2
2,Bilbao,BIO,2021-12-27 13:21:10,Alicante,ALC,2021-12-27 14:11:10,8
3,Valencia,VLC,2022-01-28 19:38:38,Madrid,MAD,2022-01-28 20:28:38,7
4,Madrid,MAD,2022-02-23 21:56:37,Sevilla,SVQ,2022-02-23 22:46:37,2
5,Alicante,ALC,2022-08-24 20:45:44,Barcelona,BCN,2022-08-24 21:35:44,4
6,Sevilla,SVQ,2022-02-06 04:07:14,Alicante,ALC,2022-02-06 04:57:14,2
7,Santiago de Compostela,STG,2022-03-20 12:13:28,A Coruña,LCG,2022-03-20 13:03:28,3
8,Santiago de Compostela,STG,2022-08-19 04:15:03,Valencia,VLC,2022-08-19 05:05:03,10
9,Barcelona,BCN,2022-01-26 08:23:55,Malaga,AGP,2022-01-26 09:13:55,2
10,Valencia,VLC,2021-10-20 09:47:19,Madrid,MAD,2021-10-20 10:37:19,7
11,Alicante,ALC,2022-01-27 21:45:51,A Coruña,LCG,2022-01-27 22:35:51,8
12,Valencia,VLC,2022-02-04 09:55:44,Malaga,AGP,2022-02-04 10:45:44,1
13,Sevilla,SVQ,2022-06-22 13:41:32,Sevilla,SVQ,2022-06-22 14:31:32,2
14,Barcelona,BCN,2022-08-25 09:05:29,Sevilla,SVQ,2022-08-25 09:55:29,7
15,Barcelona,BCN,2021-10-27 02:03:28,Sevilla,SVQ,2021-10-27 02:53:28,7
16,Malaga,AGP,2021-11-13 15:44:13,Valencia,VLC,2021-11-13 16:34:13,2
17,Alicante,ALC,2021-10-24 18:01:42,Alicante,ALC,2021-10-24 18:51:42,3
18,Santiago de Compostela,STG,2021-11-01 19:23:09,Barcelona,BCN,2021-11-01 20:13:09,3
19,Alicante,ALC,2022-02-18 06:04:41,Sevilla,SVQ,2022-02-18 06:54:41,8
20,Alicante,ALC,2022-06-28 07:57:24,Bilbao,BIO,2022-06-28 08:47:24,2
21,Barcelona,BCN,2022-01-04 00:16:09,Malaga,AGP,2022-01-04 01:06:09,1
22,Barcelona,BCN,2022-05-11 20:51:13,Barcelona,BCN,2022-05-11 21:41:13,1
23,Barcelona,BCN,2021-10-19 15:00:07,Valencia,VLC,2021-10-19 15:50:07,4
24,Alicante,ALC,2022-07-14 11:30:04,Sevilla,SVQ,2022-07-14 12:20:04,1
25,Santiago de Compostela,STG,2022-04-30 13:36:29,Bilbao,BIO,2022-04-30 14:26:29,7
26,Sevilla,SVQ,2021-10-07 02:58:03,Madrid,MAD,2021-10-07 03:48:03,9
27,Sevilla,SVQ,2022-05-30 08:57:10,Valencia,VLC,2022-05-30 09:47:10,6
28,Valencia,VLC,2022-05-28 11:15:49,Malaga,AGP,2022-05-28 12:05:49,1
29,Sevilla,SVQ,2022-01-31 00:31:58,Madrid,MAD,2022-01-31 01:21:58,7
30,Malaga,AGP,2022-03-02 00:36:51,Madrid,MAD,2022-03-02 01:26:51,8
31,Santiago de Compostela,STG,2022-07-29 07:11:59,Santiago de Compostela,STG,2022-07-29 08:01:59,8
32,Madrid,MAD,2022-07-20 09:08:10,Sevilla,SVQ,2022-07-20 09:58:10,9
33,Alicante,ALC,2022-05-12 17:13:25,Alicante,ALC,2022-05-12 18:03:25,7
34,Valencia,VLC,2022-07-26 00:25:45,Valencia,VLC,2022-07-26 01:15:45,2
35,Malaga,AGP,2022-06-24 16:48:32,Madrid,MAD,2022-06-24 17:38:32,2
36,Alicante,ALC,2022-03-14 10:26:57,Barcelona,BCN,2022-03-14 11:16:57,2
37,Bilbao,BIO,2022-08-16 03:07:34,Sevilla,SVQ,2022-08-16 03:57:34,3
38,Madrid,MAD,2022-07-03 22:52:03,Sevilla,SVQ,2022-07-03 23:42:03,8
39,Santiago de Compostela,STG,2022-05-12 08:03:52,Alicante,ALC,2022-05-12 08:53:52,6
40,Valencia,VLC,2022-04-07 03:23:58,A Coruña,LCG,2022-04-07 04:13:58,5
41,Barcelona,BCN,2021-12-18 09:51:31,Barcelona,BCN,2021-12-18 10:41:31,3
42,Santiago de Compostela,STG,2022-02-12 18:04:16,Barcelona,BCN,2022-02-12 18:54:16,8
43,A Coruña,LCG,2021-10-11 17:29:42,Barcelona,BCN,2021-10-11 18:19:42,6
44,Alicante,ALC,2022-03-14 18:58:02,Santiago de Compostela,STG,2022-03-14 19:48:02,6
45,Valencia,VLC,2022-03-06 04:16:54,A Coruña,LCG,2022-03-06 05:06:54,4
46,Malaga,AGP,2021-12-25 00:17:16,A Coruña,LCG,2021-12-25 01:07:16,10
47,Alicante,ALC,2022-02-18 17:40:32,Bilbao,BIO,2022-02-18 18:30:32,1
48,Sevilla,SVQ,2022-04-30 12:00:51,A Coruña,LCG,2022-04-30 12:50:51,3
49,Malaga,AGP,2022-08-19 03:22:42,A Coruña,LCG,2022-08-19 04:12:42,7
50,Santiago de Compostela,STG,2021-10-24 07:03:14,Sevilla,SVQ,2021-10-24 07:53:14,9
51,Alicante,ALC,2022-04-10 04:35:12,Valencia,VLC,2022-04-10 05:25:12,1
52,Madrid,MAD,2022-01-22 02:37:16,Sevilla,SVQ,2022-01-22 03:27:16,7
53,Alicante,ALC,2021-11-17 06:12:18,Valencia,VLC,2021-11-17 07:02:18,3
54,Barcelona,BCN,2021-10-26 17:24:28,Madrid,MAD,2021-10-26 18:14:28,5
55,Malaga,AGP,2022-04-24 06:43:28,Malaga,AGP,2022-04-24 07:33:28,7
56,Santiago de Compostela,STG,2022-08-26 20:27:58,Bilbao,BIO,2022-08-26 21:17:58,7
57,Sevilla,SVQ,2022-04-24 00:38:09,Sevilla,SVQ,2022-04-24 01:28:09,3
58,A Coruña,LCG,2022-08-14 11:05:31,Malaga,AGP,2022-08-14 11:55:31,6
59,Malaga,AGP,2022-01-13 04:49:59,A Coruña,LCG,2022-01-13 05:39:59,1
60,Santiago de Compostela,STG,2022-06-05 06:00:50,Malaga,AGP,2022-06-05 06:50:50,4
61,Madrid,MAD,2022-02-21 04:11:15,Sevilla,SVQ,2022-02-21 05:01:15,10
62,Madrid,MAD,2022-06-13 06:39:16,Sevilla,SVQ,2022-06-13 07:29:16,5
63,Madrid,MAD,2021-10-20 12:04:46,Sevilla,SVQ,2021-10-20 12:54:46,7
64,Sevilla,SVQ,2022-03-06 21:52:26,Bilbao,BIO,2022-03-06 22:42:26,7
65,Madrid,MAD,2022-07-14 16:02:10,A Coruña,LCG,2022-07-14 16:52:10,6
66,A Coruña,LCG,2021-12-05 17:58:49,Alicante,ALC,2021-12-05 18:48:49,5
67,Bilbao,BIO,2022-02-16 02:24:02,Sevilla,SVQ,2022-02-16 03:14:02,6
68,Barcelona,BCN,2022-03-26 05:06:21,Alicante,ALC,2022-03-26 05:56:21,1
69,Valencia,VLC,2022-07-10 21:26:45,Santiago de Compostela,STG,2022-07-10 22:16:45,4
70,Madrid,MAD,2022-01-16 16:20:20,Valencia,VLC,2022-01-16 17:10:20,3
71,Alicante,ALC,2022-03-29 09:40:47,Alicante,ALC,2022-03-29 10:30:47,8
72,Madrid,MAD,2021-12-03 19:42:24,Valencia,VLC,2021-12-03 20:32:24,10
73,Malaga,AGP,2021-11-16 20:08:19,Barcelona,BCN,2021-11-16 20:58:19,8
74,Santiago de Compostela,STG,2022-03-05 04:33:55,Madrid,MAD,2022-03-05 05:23:55,6
75,Sevilla,SVQ,2022-06-24 04:18:44,Barcelona,BCN,2022-06-24 05:08:44,9
76,Alicante,ALC,2022-08-01 18:55:52,Malaga,AGP,2022-08-01 19:45:52,1
77,Alicante,ALC,2022-04-05 10:08:56,Malaga,AGP,2022-04-05 10:58:56,6
78,Bilbao,BIO,2022-01-14 11:21:37,Santiago de Compostela,STG,2022-01-14 12:11:37,1
79,A Coruña,LCG,2022-02-15 13:47:41,Alicante,ALC,2022-02-15 14:37:41,6
80,Malaga,AGP,2022-09-19 00:20:59,Santiago de Compostela,STG,2022-09-19 01:10:59,5
81,Santiago de Compostela,STG,2022-06-21 06:20:48,Barcelona,BCN,2022-06-21 07:10:48,1
82,Malaga,AGP,2022-08-15 06:58:30,Sevilla,SVQ,2022-08-15 07:48:30,7
83,Sevilla,SVQ,2021-10-26 21:12:18,Barcelona,BCN,2021-10-26 22:02:18,5
84,Valencia,VLC,2022-03-22 20:23:27,Madrid,MAD,2022-03-22 21:13:27,8
85,Bilbao,BIO,2022-01-07 05:17:42,Sevilla,SVQ,2022-01-07 06:07:42,6
86,Alicante,ALC,2021-10-28 03:46:31,Valencia,VLC,2021-10-28 04:36:31,10
87,Alicante,ALC,2022-01-10 13:08:23,Valencia,VLC,2022-01-10 13:58:23,9
88,Valencia,VLC,2021-09-24 05:29:06,Santiago de Compostela,STG,2021-09-24 06:19:06,3
89,Santiago de Compostela,STG,2021-12-02 08:16:02,Valencia,VLC,2021-12-02 09:06:02,1
90,Bilbao,BIO,2022-08-03 06:40:47,Madrid,MAD,2022-08-03 07:30:47,3
91,Valencia,VLC,2022-07-23 12:16:24,Bilbao,BIO,2022-07-23 13:06:24,9
92,A Coruña,LCG,2022-02-25 12:53:53,Santiago de Compostela,STG,2022-02-25 13:43:53,4
93,A Coruña,LCG,2022-08-29 15:47:08,A Coruña,LCG,2022-08-29 16:37:08,1
94,A Coruña,LCG,2022-03-06 07:27:37,Bilbao,BIO,2022-03-06 08:17:37,8
95,Santiago de Compostela,STG,2022-07-08 04:02:12,Santiago de Compostela,STG,2022-07-08 04:52:12,4
96,Bilbao,BIO,2022-01-21 21:34:57,Madrid,MAD,2022-01-21 22:24:57,4
97,Valencia,VLC,2021-10-21 01:48:00,Alicante,ALC,2021-10-21 02:38:00,4
98,Malaga,AGP,2021-10-26 18:58:49,Valencia,VLC,2021-10-26 19:48:49,1
99,Barcelona,BCN,2022-03-03 04:07:10,Alicante,ALC,2022-03-03 04:57:10,4
100,Madrid,MAD,2022-02-26 14:31:20,Madrid,MAD,2022-02-26 15:21:20,6
101,Sevilla,SVQ,2022-06-04 19:25:08,Madrid,MAD,2022-06-04 20:15:08,4
102,Santiago de Compostela,STG,2022-02-28 21:59:13,Santiago de Compostela,STG,2022-02-28 22:49:13,4
103,Valencia,VLC,2022-03-08 04:48:42,Barcelona,BCN,2022-03-08 05:38:42,9
104,Alicante,ALC,2022-04-01 19:39:04,Barcelona,BCN,2022-04-01 20:29:04,4
105,Barcelona,BCN,2022-09-20 11:54:53,Sevilla,SVQ,2022-09-20 12:44:53,6
106,Bilbao,BIO,2022-03-03 11:24:14,Sevilla,SVQ,2022-03-03 12:14:14,2
107,Malaga,AGP,2022-09-09 00:23:03,Santiago de Compostela,STG,2022-09-09 01:13:03,4
108,Madrid,MAD,2022-01-23 19:58:20,Bilbao,BIO,2022-01-23 20:48:20,8
109,Madrid,MAD,2022-09-17 12:05:34,Santiago de Compostela,STG,2022-09-17 12:55:34,4
110,Malaga,AGP,2022-07-19 15:48:58,Valencia,VLC,2022-07-19 16:38:58,5
111,Valencia,VLC,2022-08-05 14:26:33,Bilbao,BIO,2022-08-05 15:16:33,7
112,Santiago de Compostela,STG,2022-09-17 02:26:19,A Coruña,LCG,2022-09-17 03:16:19,3
113,Valencia,VLC,2022-08-01 00:44:33,Valencia,VLC,2022-08-01 01:34:33,9
114,Valencia,VLC,2022-03-02 03:24:21,Barcelona,BCN,2022-03-02 04:14:21,1
115,Sevilla,SVQ,2022-06-25 05:31:18,A Coruña,LCG,2022-06-25 06:21:18,8
116,Malaga,AGP,2022-07-08 17:39:06,Barcelona,BCN,2022-07-08 18:29:06,9
117,Barcelona,BCN,2022-08-03 05:12:38,A Coruña,LCG,2022-08-03 06:02:38,6
118,Alicante,ALC,2022-09-14 08:15:18,Alicante,ALC,2022-09-14 09:05:18,5
119,Malaga,AGP,2021-10-05 12:21:37,Valencia,VLC,2021-10-05 13:11:37,9
120,Sevilla,SVQ,2021-11-16 10:08:38,Bilbao,BIO,2021-11-16 10:58:38,1
121,Malaga,AGP,2022-04-04 18:59:46,Barcelona,BCN,2022-04-04 19:49:46,10
122,A Coruña,LCG,2022-03-27 13:56:42,A Coruña,LCG,2022-03-27 14:46:42,1
123,Malaga,AGP,2022-03-17 00:22:29,A Coruña,LCG,2022-03-17 01:12:29,1
124,Santiago de Compostela,STG,2022-09-17 12:26:54,Madrid,MAD,2022-09-17 13:16:54,2
125,Santiago de Compostela,STG,2022-02-23 05:19:32,Barcelona,BCN,2022-02-23 06:09:32,9
126,Alicante,ALC,2021-11-05 18:14:53,Madrid,MAD,2021-11-05 19:04:53,5
127,Valencia,VLC,2022-03-04 18:10:11,Malaga,AGP,2022-03-04 19:00:11,4
128,Barcelona,BCN,2022-05-29 01:03:10,Malaga,AGP,2022-05-29 01:53:10,8
129,Alicante,ALC,2022-06-02 17:22:01,Alicante,ALC,2022-06-02 18:12:01,10
130,Santiago de Compostela,STG,2022-09-12 06:12:05,Barcelona,BCN,2022-09-12 07:02:05,4
131,Bilbao,BIO,2022-02-21 21:16:59,Valencia,VLC,2022-02-21 22:06:59,9
132,Valencia,VLC,2022-09-14 06:11:27,Sevilla,SVQ,2022-09-14 07:01:27,5
133,Barcelona,BCN,2022-09-06 23:13:10,Madrid,MAD,2022-09-07 00:03:10,9
134,Bilbao,BIO,2021-10-14 04:12:07,Malaga,AGP,2021-10-14 05:02:07,9
135,Alicante,ALC,2022-04-28 14:40:13,Alicante,ALC,2022-04-28 15:30:13,2
136,Bilbao,BIO,2021-10-09 19:59:40,Santiago de Compostela,STG,2021-10-09 20:49:40,5
137,A Coruña,LCG,2022-02-09 08:39:01,Malaga,AGP,2022-02-09 09:29:01,8
138,Sevilla,SVQ,2022-02-18 21:19:38,Madrid,MAD,2022-02-18 22:09:38,9
139,Madrid,MAD,2022-06-07 09:54:49,Madrid,MAD,2022-06-07 10:44:49,4
140,A Coruña,LCG,2022-08-26 14:30:17,Barcelona,BCN,2022-08-26 15:20:17,7
141,Santiago de Compostela,STG,2022-05-30 19:28:03,Madrid,MAD,2022-05-30 20:18:03,1
142,Malaga,AGP,2022-06-13 06:04:07,Barcelona,BCN,2022-06-13 06:54:07,1
143,Barcelona,BCN,2022-02-11 23:15:29,Malaga,AGP,2022-02-12 00:05:29,7
144,Barcelona,BCN,2022-05-27 19:12:07,Valencia,VLC,2022-05-27 20:02:07,5
145,Alicante,ALC,2022-07-31 18:12:18,Barcelona,BCN,2022-07-31 19:02:18,2
146,Malaga,AGP,2021-12-12 19:35:43,Santiago de Compostela,STG,2021-12-12 20:25:43,1
147,Santiago de Compostela,STG,2022-01-29 01:34:34,Malaga,AGP,2022-01-29 02:24:34,4
148,Valencia,VLC,2021-09-30 12:56:10,Alicante,ALC,2021-09-30 13:46:10,9
149,Santiago de Compostela,STG,2021-09-28 19:03:44,Valencia,VLC,2021-09-28 19:53:44,7
150,Valencia,VLC,2022-09-01 21:45:49,Alicante,ALC,2022-09-01 22:35:49,10
151,Sevilla,SVQ,2022-02-25 01:54:00,Malaga,AGP,2022-02-25 02:44:00,4
152,Santiago de Compostela,STG,2022-04-08 22:52:09,Madrid,MAD,2022-04-08 23:42:09,5
153,Malaga,AGP,2022-08-30 00:04:40,Madrid,MAD,2022-08-30 00:54:40,2
154,Alicante,ALC,2022-05-11 18:24:38,Bilbao,BIO,2022-05-11 19:14:38,10
155,Barcelona,BCN,2022-06-14 17:15:15,Sevilla,SVQ,2022-06-14 18:05:15,7
156,A Coruña,LCG,2021-11-17 20:02:02,Sevilla,SVQ,2021-11-17 20:52:02,8
157,Sevilla,SVQ,2022-03-15 23:44:33,Madrid,MAD,2022-03-16 00:34:33,9
158,Santiago de Compostela,STG,2022-08-21 17:17:28,Santiago de Compostela,STG,2022-08-21 18:07:28,8
159,Santiago de Compostela,STG,2021-11-02 18:27:24,Barcelona,BCN,2021-11-02 19:17:24,2
160,Barcelona,BCN,2022-01-05 16:15:32,A Coruña,LCG,2022-01-05 17:05:32,1
161,Alicante,ALC,2021-09-26 13:26:42,Valencia,VLC,2021-09-26 14:16:42,6
162,Bilbao,BIO,2022-06-08 10:43:36,Bilbao,BIO,2022-06-08 11:33:36,6
163,A Coruña,LCG,2022-03-31 12:29:40,Alicante,ALC,2022-03-31 13:19:40,4
164,Barcelona,BCN,2022-06-29 21:25:38,A Coruña,LCG,2022-06-29 22:15:38,7
165,Bilbao,BIO,2022-02-18 11:45:03,Valencia,VLC,2022-02-18 12:35:03,2
166,Santiago de Compostela,STG,2022-04-22 20:13:48,Alicante,ALC,2022-04-22 21:03:48,9
167,Madrid,MAD,2021-10-21 07:00:53,A Coruña,LCG,2021-10-21 07:50:53,9
168,A Coruña,LCG,2022-05-01 22:27:26,Madrid,MAD,2022-05-01 23:17:26,10
169,Santiago de Compostela,STG,2022-06-04 08:24:32,Alicante,ALC,2022-06-04 09:14:32,7
170,Malaga,AGP,2021-10-27 08:56:52,Madrid,MAD,2021-10-27 09:46:52,1
171,Malaga,AGP,2022-01-20 14:38:16,Malaga,AGP,2022-01-20 15:28:16,9
172,Bilbao,BIO,2021-11-21 15:52:09,Sevilla,SVQ,2021-11-21 16:42:09,2
173,Sevilla,SVQ,2022-06-19 09:43:14,Santiago de Compostela,STG,2022-06-19 10:33:14,1
174,Malaga,AGP,2022-08-04 09:44:55,Barcelona,BCN,2022-08-04 10:34:55,9
175,Madrid,MAD,2021-11-17 01:21:18,Alicante,ALC,2021-11-17 02:11:18,2
176,Barcelona,BCN,2021-11-12 11:34:32,Santiago de Compostela,STG,2021-11-12 12:24:32,8
177,Alicante,ALC,2022-02-20 01:44:21,Valencia,VLC,2022-02-20 02:34:21,5
178,A Coruña,LCG,2022-01-31 01:15:48,Barcelona,BCN,2022-01-31 02:05:48,3
179,A Coruña,LCG,2022-07-21 04:02:19,A Coruña,LCG,2022-07-21 04:52:19,8
180,Barcelona,BCN,2022-07-16 17:28:11,Valencia,VLC,2022-07-16 18:18:11,5
181,Sevilla,SVQ,2022-03-19 17:49:57,Sevilla,SVQ,2022-03-19 18:39:57,5
182,Alicante,ALC,2022-09-20 01:52:20,Malaga,AGP,2022-09-20 02:42:20,1
183,Bilbao,BIO,2022-02-27 22:07:17,Valencia,VLC,2022-02-27 22:57:17,10
184,Bilbao,BIO,2022-07-05 22:18:28,Madrid,MAD,2022-07-05 23:08:28,3
185,Santiago de Compostela,STG,2022-09-12 15:37:17,Bilbao,BIO,2022-09-12 16:27:17,5
186,Santiago de Compostela,STG,2021-11-21 23:25:34,Barcelona,BCN,2021-11-22 00:15:34,3
187,Barcelona,BCN,2022-01-07 16:03:25,Sevilla,SVQ,2022-01-07 16:53:25,10
188,Madrid,MAD,2021-12-12 04:19:27,Sevilla,SVQ,2021-12-12 05:09:27,8
189,Bilbao,BIO,2021-10-17 11:06:36,Malaga,AGP,2021-10-17 11:56:36,6
190,Alicante,ALC,2022-07-30 04:07:01,Bilbao,BIO,2022-07-30 04:57:01,8
191,Santiago de Compostela,STG,2022-01-31 14:45:52,Madrid,MAD,2022-01-31 15:35:52,2
192,Bilbao,BIO,2021-12-09 10:01:53,Barcelona,BCN,2021-12-09 10:51:53,5
193,Bilbao,BIO,2021-11-06 07:54:21,Valencia,VLC,2021-11-06 08:44:21,1
194,Valencia,VLC,2022-08-09 02:47:05,Bilbao,BIO,2022-08-09 03:37:05,7
195,Malaga,AGP,2022-02-16 03:22:34,Valencia,VLC,2022-02-16 04:12:34,9
196,Valencia,VLC,2021-12-17 03:23:15,A Coruña,LCG,2021-12-17 04:13:15,2
197,Madrid,MAD,2022-06-25 12:57:04,Bilbao,BIO,2022-06-25 13:47:04,6
198,Sevilla,SVQ,2022-04-28 03:29:49,Alicante,ALC,2022-04-28 04:19:49,8
199,A Coruña,LCG,2022-01-05 10:09:28,Sevilla,SVQ,2022-01-05 10:59:28,9
200,Madrid,MAD,2022-04-22 11:38:09,Sevilla,SVQ,2022-04-22 12:28:09,8
201,Barcelona,BCN,2021-11-24 11:43:00,A Coruña,LCG,2021-11-24 12:33:00,10
202,Santiago de Compostela,STG,2021-11-30 19:46:43,Malaga,AGP,2021-11-30 20:36:43,9
203,Malaga,AGP,2021-11-29 17:48:20,Valencia,VLC,2021-11-29 18:38:20,1
204,Bilbao,BIO,2021-12-23 03:14:23,Valencia,VLC,2021-12-23 04:04:23,10
205,Alicante,ALC,2022-06-06 00:27:12,Barcelona,BCN,2022-06-06 01:17:12,2
206,Bilbao,BIO,2022-04-07 03:02:06,Santiago de Compostela,STG,2022-04-07 03:52:06,9
207,Valencia,VLC,2021-11-12 18:45:03,Sevilla,SVQ,2021-11-12 19:35:03,8
208,Madrid,MAD,2022-01-27 16:02:30,Malaga,AGP,2022-01-27 16:52:30,6
209,Bilbao,BIO,2022-05-08 05:05:16,A Coruña,LCG,2022-05-08 05:55:16,2
210,Santiago de Compostela,STG,2022-01-03 07:58:38,Sevilla,SVQ,2022-01-03 08:48:38,9
211,Madrid,MAD,2022-04-04 03:16:38,Alicante,ALC,2022-04-04 04:06:38,8
212,Sevilla,SVQ,2021-11-24 06:12:37,Alicante,ALC,2021-11-24 07:02:37,10
213,Santiago de Compostela,STG,2022-07-15 16:03:39,Barcelona,BCN,2022-07-15 16:53:39,2
214,Madrid,MAD,2021-10-15 11:39:03,Bilbao,BIO,2021-10-15 12:29:03,2
215,Santiago de Compostela,STG,2022-07-10 11:11:07,Malaga,AGP,2022-07-10 12:01:07,2
216,Barcelona,BCN,2022-04-16 07:47:52,Malaga,AGP,2022-04-16 08:37:52,5
217,Valencia,VLC,2022-02-07 10:42:34,Alicante,ALC,2022-02-07 11:32:34,9
218,Sevilla,SVQ,2022-07-12 20:32:19,Santiago de Compostela,STG,2022-07-12 21:22:19,1
219,Barcelona,BCN,2021-09-24 17:26:51,Santiago de Compostela,STG,2021-09-24 18:16:51,6
220,Santiago de Compostela,STG,2022-06-07 05:02:11,Alicante,ALC,2022-06-07 05:52:11,10
221,Alicante,ALC,2022-01-24 14:21:09,Alicante,ALC,2022-01-24 15:11:09,2
222,Valencia,VLC,2022-06-26 07:41:21,Malaga,AGP,2022-06-26 08:31:21,5
223,Madrid,MAD,2022-06-10 11:32:05,Santiago de Compostela,STG,2022-06-10 12:22:05,6
224,Santiago de Compostela,STG,2022-08-09 13:49:37,Malaga,AGP,2022-08-09 14:39:37,8
225,Santiago de Compostela,STG,2022-07-23 07:27:15,Santiago de Compostela,STG,2022-07-23 08:17:15,7
226,Alicante,ALC,2022-05-09 16:21:30,Madrid,MAD,2022-05-09 17:11:30,9
227,Santiago de Compostela,STG,2022-02-16 20:38:01,Bilbao,BIO,2022-02-16 21:28:01,1
228,Malaga,AGP,2021-10-21 09:32:29,Alicante,ALC,2021-10-21 10:22:29,6
229,A Coruña,LCG,2021-10-04 21:12:53,Bilbao,BIO,2021-10-04 22:02:53,2
230,Santiago de Compostela,STG,2022-02-20 12:20:48,Santiago de Compostela,STG,2022-02-20 13:10:48,10
231,Alicante,ALC,2021-12-15 00:25:50,Santiago de Compostela,STG,2021-12-15 01:15:50,1
232,A Coruña,LCG,2022-03-12 02:26:19,Madrid,MAD,2022-03-12 03:16:19,7
233,Malaga,AGP,2022-07-12 18:36:17,Valencia,VLC,2022-07-12 19:26:17,9
234,Bilbao,BIO,2022-05-03 05:01:46,Barcelona,BCN,2022-05-03 05:51:46,6
235,Sevilla,SVQ,2021-12-02 07:15:29,Sevilla,SVQ,2021-12-02 08:05:29,9
236,Sevilla,SVQ,2021-10-20 18:13:38,Madrid,MAD,2021-10-20 19:03:38,6
237,Madrid,MAD,2022-04-25 13:45:17,Sevilla,SVQ,2022-04-25 14:35:17,3
238,Santiago de Compostela,STG,2022-08-27 07:26:00,Santiago de Compostela,STG,2022-08-27 08:16:00,4
239,Alicante,ALC,2021-10-15 09:23:04,Santiago de Compostela,STG,2021-10-15 10:13:04,7
240,Alicante,ALC,2021-10-04 21:03:43,Bilbao,BIO,2021-10-04 21:53:43,10
241,Santiago de Compostela,STG,2022-01-15 14:51:09,Malaga,AGP,2022-01-15 15:41:09,4
242,Barcelona,BCN,2021-11-08 11:13:08,Sevilla,SVQ,2021-11-08 12:03:08,9
243,Malaga,AGP,2022-03-10 03:13:54,A Coruña,LCG,2022-03-10 04:03:54,6
244,Sevilla,SVQ,2022-04-27 13:40:20,Bilbao,BIO,2022-04-27 14:30:20,8
245,Barcelona,BCN,2021-11-14 03:37:30,Bilbao,BIO,2021-11-14 04:27:30,10
246,Valencia,VLC,2022-04-20 07:26:14,Malaga,AGP,2022-04-20 08:16:14,10
247,Alicante,ALC,2022-01-01 10:41:14,Malaga,AGP,2022-01-01 11:31:14,4
248,Bilbao,BIO,2022-08-06 08:05:59,Sevilla,SVQ,2022-08-06 08:55:59,7
249,A Coruña,LCG,2022-07-14 12:03:40,Sevilla,SVQ,2022-07-14 12:53:40,9
250,Bilbao,BIO,2022-08-08 20:42:16,Madrid,MAD,2022-08-08 21:32:16,10
251,Alicante,ALC,2022-06-26 19:12:54,Alicante,ALC,2022-06-26 20:02:54,1
252,Barcelona,BCN,2021-10-23 12:31:36,Santiago de Compostela,STG,2021-10-23 13:21:36,10
253,Alicante,ALC,2021-10-12 13:23:35,Alicante,ALC,2021-10-12 14:13:35,10
254,Santiago de Compostela,STG,2022-07-29 15:28:28,Alicante,ALC,2022-07-29 16:18:28,6
255,Malaga,AGP,2021-12-11 15:21:37,Barcelona,BCN,2021-12-11 16:11:37,1
256,Bilbao,BIO,2022-06-19 01:50:14,Bilbao,BIO,2022-06-19 02:40:14,6
257,Valencia,VLC,2022-01-06 23:33:45,Valencia,VLC,2022-01-07 00:23:45,1
258,Madrid,MAD,2022-04-29 22:30:07,Sevilla,SVQ,2022-04-29 23:20:07,5
259,Alicante,ALC,2022-07-21 03:34:53,Santiago de Compostela,STG,2022-07-21 04:24:53,9
260,Malaga,AGP,2022-03-29 21:35:01,Bilbao,BIO,2022-03-29 22:25:01,9
261,Bilbao,BIO,2022-08-16 17:36:36,Valencia,VLC,2022-08-16 18:26:36,8
262,Santiago de Compostela,STG,2022-05-07 22:56:45,Barcelona,BCN,2022-05-07 23:46:45,3
263,A Coruña,LCG,2022-03-06 10:22:23,Barcelona,BCN,2022-03-06 11:12:23,7
264,Barcelona,BCN,2022-02-26 22:35:02,Santiago de Compostela,STG,2022-02-26 23:25:02,5
265,Bilbao,BIO,2022-01-28 15:55:24,Sevilla,SVQ,2022-01-28 16:45:24,2
266,Santiago de Compostela,STG,2022-08-10 18:11:00,Alicante,ALC,2022-08-10 19:01:00,3
267,Bilbao,BIO,2022-06-12 06:05:36,Santiago de Compostela,STG,2022-06-12 06:55:36,10
268,Valencia,VLC,2022-04-09 16:56:16,Madrid,MAD,2022-04-09 17:46:16,8
269,Madrid,MAD,2022-03-18 19:28:39,Sevilla,SVQ,2022-03-18 20:18:39,9
270,Santiago de Compostela,STG,2022-01-05 08:24:14,Santiago de Compostela,STG,2022-01-05 09:14:14,7
271,Alicante,ALC,2022-03-21 22:41:41,Malaga,AGP,2022-03-21 23:31:41,9
272,Alicante,ALC,2022-05-27 03:51:03,Santiago de Compostela,STG,2022-05-27 04:41:03,7
273,Malaga,AGP,2022-03-16 20:50:05,Madrid,MAD,2022-03-16 21:40:05,4
274,A Coruña,LCG,2022-06-19 14:07:31,Alicante,ALC,2022-06-19 14:57:31,5
275,A Coruña,LCG,2022-05-06 06:15:17,Alicante,ALC,2022-05-06 07:05:17,1
276,Alicante,ALC,2021-12-02 17:06:14,A Coruña,LCG,2021-12-02 17:56:14,3
277,Barcelona,BCN,2022-06-30 12:34:08,Malaga,AGP,2022-06-30 13:24:08,2
278,Valencia,VLC,2021-09-24 18:48:44,Alicante,ALC,2021-09-24 19:38:44,8
279,A Coruña,LCG,2021-11-16 02:21:44,Valencia,VLC,2021-11-16 03:11:44,2
280,Bilbao,BIO,2022-03-28 20:22:08,Madrid,MAD,2022-03-28 21:12:08,9
281,Bilbao,BIO,2022-05-09 14:06:33,Bilbao,BIO,2022-05-09 14:56:33,1
282,A Coruña,LCG,2022-05-30 15:36:50,Barcelona,BCN,2022-05-30 16:26:50,1
283,Bilbao,BIO,2021-11-02 06:40:08,A Coruña,LCG,2021-11-02 07:30:08,8
284,Malaga,AGP,2022-06-21 07:48:33,Santiago de Compostela,STG,2022-06-21 08:38:33,5
285,Alicante,ALC,2022-04-04 08:11:42,A Coruña,LCG,2022-04-04 09:01:42,2
286,Bilbao,BIO,2021-10-03 23:01:45,Barcelona,BCN,2021-10-03 23:51:45,1
287,Alicante,ALC,2022-06-23 00:21:14,Bilbao,BIO,2022-06-23 01:11:14,2
288,Barcelona,BCN,2022-03-09 16:16:29,Bilbao,BIO,2022-03-09 17:06:29,8
289,Barcelona,BCN,2022-07-06 09:50:55,Alicante,ALC,2022-07-06 10:40:55,2
290,Sevilla,SVQ,2022-04-27 00:12:20,Malaga,AGP,2022-04-27 01:02:20,2
291,Barcelona,BCN,2021-10-18 11:47:59,A Coruña,LCG,2021-10-18 12:37:59,3
292,Madrid,MAD,2022-02-21 12:31:48,Alicante,ALC,2022-02-21 13:21:48,8
293,Sevilla,SVQ,2022-02-26 07:19:57,Madrid,MAD,2022-02-26 08:09:57,10
294,Valencia,VLC,2022-08-15 06:28:57,Barcelona,BCN,2022-08-15 07:18:57,10
295,Santiago de Compostela,STG,2022-03-10 19:07:49,Bilbao,BIO,2022-03-10 19:57:49,1
296,A Coruña,LCG,2021-10-11 04:17:19,Santiago de Compostela,STG,2021-10-11 05:07:19,5
297,Barcelona,BCN,2021-12-23 12:26:51,Bilbao,BIO,2021-12-23 13:16:51,6
298,Santiago de Compostela,STG,2022-05-27 14:40:14,Barcelona,BCN,2022-05-27 15:30:14,3
299,Sevilla,SVQ,2021-10-07 20:47:54,Sevilla,SVQ,2021-10-07 21:37:54,2
300,Alicante,ALC,2022-04-26 01:29:49,Madrid,MAD,2022-04-26 02:19:49,5
301,A Coruña,LCG,2022-02-10 05:20:09,Alicante,ALC,2022-02-10 06:10:09,8
302,A Coruña,LCG,2022-06-03 18:50:29,Barcelona,BCN,2022-06-03 19:40:29,10
303,A Coruña,LCG,2022-07-17 16:13:21,A Coruña,LCG,2022-07-17 17:03:21,10
304,Valencia,VLC,2022-08-30 18:30:10,Santiago de Compostela,STG,2022-08-30 19:20:10,2
305,Barcelona,BCN,2022-09-04 00:35:48,Barcelona,BCN,2022-09-04 01:25:48,1
306,Sevilla,SVQ,2021-11-23 23:29:20,Valencia,VLC,2021-11-24 00:19:20,5
307,Sevilla,SVQ,2022-02-09 22:20:29,Valencia,VLC,2022-02-09 23:10:29,3
308,A Coruña,LCG,2021-12-16 16:50:39,A Coruña,LCG,2021-12-16 17:40:39,1
309,Barcelona,BCN,2022-02-10 20:28:19,Valencia,VLC,2022-02-10 21:18:19,9
310,Bilbao,BIO,2022-04-27 06:12:26,Valencia,VLC,2022-04-27 07:02:26,9
311,Malaga,AGP,2022-04-17 23:39:01,Madrid,MAD,2022-04-18 00:29:01,7
312,Santiago de Compostela,STG,2022-04-27 16:12:09,Sevilla,SVQ,2022-04-27 17:02:09,1
313,Alicante,ALC,2022-05-17 04:35:35,Madrid,MAD,2022-05-17 05:25:35,10
314,Malaga,AGP,2021-11-16 10:48:15,Sevilla,SVQ,2021-11-16 11:38:15,5
315,Santiago de Compostela,STG,2022-03-13 04:28:52,Valencia,VLC,2022-03-13 05:18:52,8
316,Santiago de Compostela,STG,2022-05-30 21:07:58,Alicante,ALC,2022-05-30 21:57:58,8
317,Valencia,VLC,2022-07-13 04:28:06,Valencia,VLC,2022-07-13 05:18:06,7
318,Santiago de Compostela,STG,2022-05-11 19:00:52,Bilbao,BIO,2022-05-11 19:50:52,3
319,Madrid,MAD,2021-10-02 15:36:27,Madrid,MAD,2021-10-02 16:26:27,1
320,Malaga,AGP,2022-04-08 20:09:02,Sevilla,SVQ,2022-04-08 20:59:02,9
321,Barcelona,BCN,2022-03-14 14:36:57,Santiago de Compostela,STG,2022-03-14 15:26:57,4
322,Barcelona,BCN,2022-09-20 19:27:32,A Coruña,LCG,2022-09-20 20:17:32,10
323,Sevilla,SVQ,2022-03-14 13:38:35,Malaga,AGP,2022-03-14 14:28:35,3
324,Malaga,AGP,2022-03-29 06:20:07,Madrid,MAD,2022-03-29 07:10:07,9
325,Valencia,VLC,2022-02-02 06:14:51,Barcelona,BCN,2022-02-02 07:04:51,1
326,A Coruña,LCG,2022-08-19 20:11:46,Santiago de Compostela,STG,2022-08-19 21:01:46,7
327,Alicante,ALC,2022-08-22 22:04:15,Madrid,MAD,2022-08-22 22:54:15,1
328,Valencia,VLC,2022-02-19 11:49:16,Barcelona,BCN,2022-02-19 12:39:16,9
329,Malaga,AGP,2022-09-18 20:07:28,Barcelona,BCN,2022-09-18 20:57:28,2
330,Sevilla,SVQ,2022-09-07 13:42:56,Madrid,MAD,2022-09-07 14:32:56,9
331,Sevilla,SVQ,2022-07-11 03:17:34,Alicante,ALC,2022-07-11 04:07:34,8
332,Barcelona,BCN,2022-03-12 18:41:53,Sevilla,SVQ,2022-03-12 19:31:53,6
333,Bilbao,BIO,2021-10-08 15:31:11,Malaga,AGP,2021-10-08 16:21:11,4
334,Alicante,ALC,2022-07-17 11:31:10,Valencia,VLC,2022-07-17 12:21:10,4
335,Malaga,AGP,2022-02-28 08:21:16,Sevilla,SVQ,2022-02-28 09:11:16,10
336,Sevilla,SVQ,2021-10-15 17:13:25,A Coruña,LCG,2021-10-15 18:03:25,8
337,Bilbao,BIO,2022-02-03 04:24:58,Madrid,MAD,2022-02-03 05:14:58,6
338,Barcelona,BCN,2022-08-03 22:25:58,Valencia,VLC,2022-08-03 23:15:58,9
339,Malaga,AGP,2022-06-25 05:42:04,A Coruña,LCG,2022-06-25 06:32:04,6
340,Sevilla,SVQ,2022-01-04 22:05:06,Malaga,AGP,2022-01-04 22:55:06,4
341,Santiago de Compostela,STG,2022-08-27 11:20:51,Valencia,VLC,2022-08-27 12:10:51,6
342,Malaga,AGP,2022-01-30 12:37:12,A Coruña,LCG,2022-01-30 13:27:12,2
343,Madrid,MAD,2022-04-09 08:43:34,Malaga,AGP,2022-04-09 09:33:34,6
344,Sevilla,SVQ,2021-12-23 13:31:31,Malaga,AGP,2021-12-23 14:21:31,6
345,A Coruña,LCG,2021-09-26 12:48:18,Madrid,MAD,2021-09-26 13:38:18,9
346,Valencia,VLC,2022-04-12 00:41:37,Santiago de Compostela,STG,2022-04-12 01:31:37,1
347,A Coruña,LCG,2021-11-16 07:13:58,A Coruña,LCG,2021-11-16 08:03:58,3
348,Bilbao,BIO,2022-09-10 14:50:22,Bilbao,BIO,2022-09-10 15:40:22,1
349,Madrid,MAD,2021-11-21 17:06:03,Malaga,AGP,2021-11-21 17:56:03,10
350,Madrid,MAD,2022-08-05 02:16:12,Santiago de Compostela,STG,2022-08-05 03:06:12,2
351,Bilbao,BIO,2022-03-05 22:24:45,A Coruña,LCG,2022-03-05 23:14:45,2
352,Madrid,MAD,2022-06-07 02:30:02,Barcelona,BCN,2022-06-07 03:20:02,5
353,Bilbao,BIO,2022-08-29 12:04:08,A Coruña,LCG,2022-08-29 12:54:08,7
354,Santiago de Compostela,STG,2021-11-16 01:29:53,Malaga,AGP,2021-11-16 02:19:53,8
355,Bilbao,BIO,2021-10-28 05:36:50,Valencia,VLC,2021-10-28 06:26:50,8
356,Alicante,ALC,2022-08-26 01:57:27,Sevilla,SVQ,2022-08-26 02:47:27,1
357,Bilbao,BIO,2022-06-04 09:45:56,Malaga,AGP,2022-06-04 10:35:56,3
358,Barcelona,BCN,2022-05-04 13:39:16,Barcelona,BCN,2022-05-04 14:29:16,8
359,Bilbao,BIO,2022-04-29 03:48:57,Sevilla,SVQ,2022-04-29 04:38:57,4
360,Alicante,ALC,2022-01-22 06:54:53,Malaga,AGP,2022-01-22 07:44:53,2
361,A Coruña,LCG,2021-11-04 11:22:32,Sevilla,SVQ,2021-11-04 12:12:32,5
362,Alicante,ALC,2022-01-09 23:38:50,Madrid,MAD,2022-01-10 00:28:50,7
363,Sevilla,SVQ,2022-03-24 13:04:47,Madrid,MAD,2022-03-24 13:54:47,9
364,Barcelona,BCN,2021-12-19 14:47:30,Santiago de Compostela,STG,2021-12-19 15:37:30,8
365,Santiago de Compostela,STG,2022-07-06 07:54:16,Sevilla,SVQ,2022-07-06 08:44:16,3
366,Bilbao,BIO,2022-06-24 07:05:21,Sevilla,SVQ,2022-06-24 07:55:21,3
367,Barcelona,BCN,2021-10-14 03:53:22,Barcelona,BCN,2021-10-14 04:43:22,5
368,Malaga,AGP,2022-09-09 00:58:38,Santiago de Compostela,STG,2022-09-09 01:48:38,5
369,Sevilla,SVQ,2021-12-26 07:34:57,Valencia,VLC,2021-12-26 08:24:57,3
370,A Coruña,LCG,2021-12-12 04:41:11,Santiago de Compostela,STG,2021-12-12 05:31:11,9
371,Malaga,AGP,2022-01-26 17:43:59,Madrid,MAD,2022-01-26 18:33:59,3
372,Alicante,ALC,2022-01-07 10:37:04,Valencia,VLC,2022-01-07 11:27:04,10
373,Barcelona,BCN,2022-06-16 14:09:14,Valencia,VLC,2022-06-16 14:59:14,3
374,Sevilla,SVQ,2021-11-25 18:03:06,Malaga,AGP,2021-11-25 18:53:06,3
375,A Coruña,LCG,2022-06-10 14:32:37,Alicante,ALC,2022-06-10 15:22:37,7
376,Valencia,VLC,2022-08-18 14:53:43,Santiago de Compostela,STG,2022-08-18 15:43:43,10
377,Barcelona,BCN,2022-02-26 09:00:33,Bilbao,BIO,2022-02-26 09:50:33,6
378,Barcelona,BCN,2022-04-13 03:15:30,Barcelona,BCN,2022-04-13 04:05:30,8
379,Alicante,ALC,2021-12-12 16:44:19,Madrid,MAD,2021-12-12 17:34:19,2
380,A Coruña,LCG,2021-12-12 02:04:18,A Coruña,LCG,2021-12-12 02:54:18,9
381,Santiago de Compostela,STG,2022-04-08 10:37:18,Sevilla,SVQ,2022-04-08 11:27:18,10
382,Santiago de Compostela,STG,2021-10-29 09:08:11,Bilbao,BIO,2021-10-29 09:58:11,3
383,Bilbao,BIO,2022-09-03 23:16:20,Barcelona,BCN,2022-09-04 00:06:20,8
384,A Coruña,LCG,2022-05-12 15:11:01,Madrid,MAD,2022-05-12 16:01:01,9
385,Bilbao,BIO,2021-12-27 09:21:38,Valencia,VLC,2021-12-27 10:11:38,10
386,Madrid,MAD,2022-01-31 16:19:43,Sevilla,SVQ,2022-01-31 17:09:43,10
387,Bilbao,BIO,2021-10-27 03:15:13,Madrid,MAD,2021-10-27 04:05:13,1
388,Barcelona,BCN,2021-09-21 07:51:25,Bilbao,BIO,2021-09-21 08:41:25,1
389,Valencia,VLC,2022-05-07 22:14:41,Alicante,ALC,2022-05-07 23:04:41,2
390,Madrid,MAD,2022-08-31 10:55:51,Barcelona,BCN,2022-08-31 11:45:51,4
391,Alicante,ALC,2022-03-21 23:18:18,Santiago de Compostela,STG,2022-03-22 00:08:18,3
392,Santiago de Compostela,STG,2022-06-21 06:23:29,Alicante,ALC,2022-06-21 07:13:29,4
393,Alicante,ALC,2022-04-20 20:09:14,Valencia,VLC,2022-04-20 20:59:14,6
394,Barcelona,BCN,2021-10-01 08:50:59,A Coruña,LCG,2021-10-01 09:40:59,10
395,Malaga,AGP,2022-09-01 04:20:07,Sevilla,SVQ,2022-09-01 05:10:07,1
396,Madrid,MAD,2022-02-24 23:48:53,Barcelona,BCN,2022-02-25 00:38:53,3
397,Alicante,ALC,2021-12-24 17:47:44,Valencia,VLC,2021-12-24 18:37:44,8
398,Santiago de Compostela,STG,2022-06-12 18:40:47,Valencia,VLC,2022-06-12 19:30:47,1
399,Sevilla,SVQ,2022-01-18 19:24:02,Alicante,ALC,2022-01-18 20:14:02,2
400,Malaga,AGP,2021-12-13 04:39:35,Bilbao,BIO,2021-12-13 05:29:35,8
401,A Coruña,LCG,2022-07-28 10:04:07,Bilbao,BIO,2022-07-28 10:54:07,2
402,Barcelona,BCN,2022-07-08 11:40:29,Barcelona,BCN,2022-07-08 12:30:29,5
403,Valencia,VLC,2021-09-21 05:52:21,Malaga,AGP,2021-09-21 06:42:21,6
404,Alicante,ALC,2022-05-30 15:21:17,Bilbao,BIO,2022-05-30 16:11:17,5
405,Sevilla,SVQ,2021-11-23 14:23:52,Malaga,AGP,2021-11-23 15:13:52,3
406,Bilbao,BIO,2022-03-04 11:53:09,A Coruña,LCG,2022-03-04 12:43:09,9
407,Valencia,VLC,2021-11-06 05:06:47,Santiago de Compostela,STG,2021-11-06 05:56:47,5
408,Valencia,VLC,2022-06-25 06:10:51,Bilbao,BIO,2022-06-25 07:00:51,3
409,Bilbao,BIO,2021-10-22 14:56:40,Sevilla,SVQ,2021-10-22 15:46:40,6
410,Valencia,VLC,2022-08-09 05:42:25,Barcelona,BCN,2022-08-09 06:32:25,4
411,Alicante,ALC,2022-03-09 17:01:19,Santiago de Compostela,STG,2022-03-09 17:51:19,1
412,Santiago de Compostela,STG,2021-10-02 10:08:43,Bilbao,BIO,2021-10-02 10:58:43,3
413,Bilbao,BIO,2022-08-26 16:44:13,Barcelona,BCN,2022-08-26 17:34:13,1
414,Sevilla,SVQ,2022-08-30 00:40:59,Barcelona,BCN,2022-08-30 01:30:59,1
415,Madrid,MAD,2022-05-31 06:48:27,Malaga,AGP,2022-05-31 07:38:27,4
416,Valencia,VLC,2022-01-28 14:11:22,Madrid,MAD,2022-01-28 15:01:22,2
417,A Coruña,LCG,2021-09-30 05:13:08,A Coruña,LCG,2021-09-30 06:03:08,7
418,Sevilla,SVQ,2021-12-18 15:27:33,Bilbao,BIO,2021-12-18 16:17:33,4
419,Santiago de Compostela,STG,2022-09-03 22:01:20,Valencia,VLC,2022-09-03 22:51:20,4
420,A Coruña,LCG,2021-11-30 10:35:08,Alicante,ALC,2021-11-30 11:25:08,6
421,Malaga,AGP,2022-01-02 09:51:46,Madrid,MAD,2022-01-02 10:41:46,7
422,Alicante,ALC,2022-05-02 09:53:39,Alicante,ALC,2022-05-02 10:43:39,9
423,Sevilla,SVQ,2021-11-14 04:20:51,Alicante,ALC,2021-11-14 05:10:51,8
424,Sevilla,SVQ,2022-06-08 07:04:40,Valencia,VLC,2022-06-08 07:54:40,5
425,Valencia,VLC,2021-11-20 01:55:40,Barcelona,BCN,2021-11-20 02:45:40,2
426,Valencia,VLC,2022-01-13 02:09:30,Alicante,ALC,2022-01-13 02:59:30,4
427,Valencia,VLC,2021-12-04 18:18:16,Madrid,MAD,2021-12-04 19:08:16,2
428,Madrid,MAD,2022-07-11 15:27:52,Bilbao,BIO,2022-07-11 16:17:52,10
429,Sevilla,SVQ,2022-01-21 12:02:54,Malaga,AGP,2022-01-21 12:52:54,10
430,Barcelona,BCN,2022-03-13 16:26:13,Santiago de Compostela,STG,2022-03-13 17:16:13,2
431,A Coruña,LCG,2021-10-22 09:45:30,Santiago de Compostela,STG,2021-10-22 10:35:30,8
432,Alicante,ALC,2022-07-17 09:49:26,Alicante,ALC,2022-07-17 10:39:26,4
433,Malaga,AGP,2022-06-18 08:03:40,Valencia,VLC,2022-06-18 08:53:40,3
434,Madrid,MAD,2022-02-06 11:09:16,Barcelona,BCN,2022-02-06 11:59:16,4
435,Santiago de Compostela,STG,2021-10-03 03:31:20,Madrid,MAD,2021-10-03 04:21:20,9
436,Malaga,AGP,2022-07-26 06:33:52,Barcelona,BCN,2022-07-26 07:23:52,10
437,Valencia,VLC,2022-03-30 16:11:26,Barcelona,BCN,2022-03-30 17:01:26,3
438,Bilbao,BIO,2022-07-29 02:19:17,Malaga,AGP,2022-07-29 03:09:17,6
439,Alicante,ALC,2022-06-20 20:10:06,Malaga,AGP,2022-06-20 21:00:06,10
440,Bilbao,BIO,2022-07-11 09:39:51,A Coruña,LCG,2022-07-11 10:29:51,1
441,Bilbao,BIO,2021-10-22 04:38:53,Sevilla,SVQ,2021-10-22 05:28:53,6
442,A Coruña,LCG,2021-09-22 17:53:05,Valencia,VLC,2021-09-22 18:43:05,8
443,Malaga,AGP,2022-05-16 13:18:50,Alicante,ALC,2022-05-16 14:08:50,1
444,Bilbao,BIO,2021-10-25 07:10:32,Santiago de Compostela,STG,2021-10-25 08:00:32,6
445,Valencia,VLC,2022-01-04 11:41:10,Sevilla,SVQ,2022-01-04 12:31:10,2
446,Alicante,ALC,2022-04-02 15:01:06,Sevilla,SVQ,2022-04-02 15:51:06,1
447,Malaga,AGP,2022-02-19 09:37:07,Santiago de Compostela,STG,2022-02-19 10:27:07,6
448,Santiago de Compostela,STG,2022-03-30 08:53:59,Madrid,MAD,2022-03-30 09:43:59,6
449,A Coruña,LCG,2021-09-27 04:06:15,Madrid,MAD,2021-09-27 04:56:15,4
450,A Coruña,LCG,2022-06-30 02:25:22,Madrid,MAD,2022-06-30 03:15:22,1
451,Barcelona,BCN,2022-02-22 03:16:15,Malaga,AGP,2022-02-22 04:06:15,8
452,Santiago de Compostela,STG,2021-12-24 03:19:57,Malaga,AGP,2021-12-24 04:09:57,7
453,A Coruña,LCG,2022-01-30 01:10:31,Malaga,AGP,2022-01-30 02:00:31,3
454,Bilbao,BIO,2021-11-23 11:03:46,Alicante,ALC,2021-11-23 11:53:46,8
455,Santiago de Compostela,STG,2022-04-27 20:09:11,Sevilla,SVQ,2022-04-27 20:59:11,1
456,Sevilla,SVQ,2022-09-02 10:35:25,Santiago de Compostela,STG,2022-09-02 11:25:25,3
457,Sevilla,SVQ,2022-01-15 06:30:18,Santiago de Compostela,STG,2022-01-15 07:20:18,5
458,Sevilla,SVQ,2022-05-28 20:08:24,Sevilla,SVQ,2022-05-28 20:58:24,9
459,Barcelona,BCN,2022-04-28 04:18:24,Bilbao,BIO,2022-04-28 05:08:24,9
460,Madrid,MAD,2022-04-22 09:16:07,A Coruña,LCG,2022-04-22 10:06:07,9
461,Valencia,VLC,2022-05-29 17:35:34,Santiago de Compostela,STG,2022-05-29 18:25:34,4
462,Barcelona,BCN,2022-08-07 11:23:50,Malaga,AGP,2022-08-07 12:13:50,5
463,Sevilla,SVQ,2022-01-03 18:46:29,Madrid,MAD,2022-01-03 19:36:29,9
464,Barcelona,BCN,2021-09-22 01:32:39,Sevilla,SVQ,2021-09-22 02:22:39,8
465,Madrid,MAD,2021-12-06 00:30:34,Malaga,AGP,2021-12-06 01:20:34,3
466,Bilbao,BIO,2022-03-11 05:04:09,Alicante,ALC,2022-03-11 05:54:09,1
467,Barcelona,BCN,2022-04-30 06:40:14,Alicante,ALC,2022-04-30 07:30:14,4
468,Alicante,ALC,2022-06-30 04:34:26,Barcelona,BCN,2022-06-30 05:24:26,8
469,Bilbao,BIO,2022-02-01 03:38:51,Santiago de Compostela,STG,2022-02-01 04:28:51,10
470,Malaga,AGP,2022-06-10 13:42:36,Santiago de Compostela,STG,2022-06-10 14:32:36,9
471,A Coruña,LCG,2021-11-30 07:22:48,Santiago de Compostela,STG,2021-11-30 08:12:48,8
472,Barcelona,BCN,2022-09-06 22:13:34,Santiago de Compostela,STG,2022-09-06 23:03:34,2
473,A Coruña,LCG,2022-08-21 05:22:54,Santiago de Compostela,STG,2022-08-21 06:12:54,5
474,Madrid,MAD,2022-07-16 15:26:41,Sevilla,SVQ,2022-07-16 16:16:41,9
475,Sevilla,SVQ,2022-06-16 18:16:21,Valencia,VLC,2022-06-16 19:06:21,4
476,Alicante,ALC,2021-10-22 18:55:19,Santiago de Compostela,STG,2021-10-22 19:45:19,2
477,Barcelona,BCN,2022-03-30 10:47:01,Barcelona,BCN,2022-03-30 11:37:01,10
478,Madrid,MAD,2022-07-12 03:43:58,Alicante,ALC,2022-07-12 04:33:58,9
479,Barcelona,BCN,2022-08-28 23:11:35,A Coruña,LCG,2022-08-29 00:01:35,3
480,Sevilla,SVQ,2022-06-11 09:34:09,Madrid,MAD,2022-06-11 10:24:09,10
481,Sevilla,SVQ,2021-12-06 09:09:58,Madrid,MAD,2021-12-06 09:59:58,7
482,Santiago de Compostela,STG,2021-12-10 09:50:09,Malaga,AGP,2021-12-10 10:40:09,2
483,Madrid,MAD,2022-02-19 13:37:26,Malaga,AGP,2022-02-19 14:27:26,3
484,Malaga,AGP,2021-12-22 08:39:55,Santiago de Compostela,STG,2021-12-22 09:29:55,10
485,Santiago de Compostela,STG,2022-08-28 08:28:22,Alicante,ALC,2022-08-28 09:18:22,10
486,A Coruña,LCG,2022-04-28 13:09:44,Alicante,ALC,2022-04-28 13:59:44,3
487,Santiago de Compostela,STG,2022-02-11 04:26:02,Bilbao,BIO,2022-02-11 05:16:02,8
488,Santiago de Compostela,STG,2022-04-21 10:10:34,Alicante,ALC,2022-04-21 11:00:34,3
489,Sevilla,SVQ,2021-10-31 02:06:55,Madrid,MAD,2021-10-31 02:56:55,1
490,Santiago de Compostela,STG,2022-05-05 20:03:57,Madrid,MAD,2022-05-05 20:53:57,7
491,Santiago de Compostela,STG,2022-04-14 16:14:54,Malaga,AGP,2022-04-14 17:04:54,6
492,Bilbao,BIO,2022-06-30 04:35:58,Malaga,AGP,2022-06-30 05:25:58,3
493,Malaga,AGP,2022-04-26 17:07:15,Barcelona,BCN,2022-04-26 17:57:15,1
494,Bilbao,BIO,2021-11-13 05:03:09,Alicante,ALC,2021-11-13 05:53:09,8
495,Santiago de Compostela,STG,2022-03-07 12:34:02,Sevilla,SVQ,2022-03-07 13:24:02,7
496,Malaga,AGP,2022-06-25 21:37:41,A Coruña,LCG,2022-06-25 22:27:41,2
497,A Coruña,LCG,2022-07-12 17:27:31,Madrid,MAD,2022-07-12 18:17:31,9
498,Alicante,ALC,2022-06-08 17:35:05,Bilbao,BIO,2022-06-08 18:25:05,1
499,Alicante,ALC,2021-12-01 09:30:00,Alicante,ALC,2021-12-01 10:20:00,2
500,Barcelona,BCN,2022-06-22 12:54:41,Valencia,VLC,2022-06-22 13:44:41,4
501,Malaga,AGP,2021-10-06 12:44:00,A Coruña,LCG,2021-10-06 13:34:00,5
502,Bilbao,BIO,2022-02-17 21:13:51,Santiago de Compostela,STG,2022-02-17 22:03:51,2
503,Madrid,MAD,2021-10-25 08:31:49,Malaga,AGP,2021-10-25 09:21:49,3
504,Barcelona,BCN,2022-04-10 07:51:54,Valencia,VLC,2022-04-10 08:41:54,3
505,Bilbao,BIO,2021-12-29 11:38:16,Santiago de Compostela,STG,2021-12-29 12:28:16,8
506,Madrid,MAD,2021-12-24 01:22:35,Malaga,AGP,2021-12-24 02:12:35,8
507,Valencia,VLC,2021-11-17 22:20:31,Valencia,VLC,2021-11-17 23:10:31,1
508,Sevilla,SVQ,2022-03-22 08:18:02,Santiago de Compostela,STG,2022-03-22 09:08:02,7
509,Barcelona,BCN,2022-09-14 20:17:54,Bilbao,BIO,2022-09-14 21:07:54,10
510,Alicante,ALC,2021-11-11 05:19:46,Alicante,ALC,2021-11-11 06:09:46,6
511,Valencia,VLC,2022-08-16 05:42:23,Santiago de Compostela,STG,2022-08-16 06:32:23,5
512,Bilbao,BIO,2022-01-03 11:14:26,A Coruña,LCG,2022-01-03 12:04:26,5
513,Santiago de Compostela,STG,2021-10-07 10:43:12,A Coruña,LCG,2021-10-07 11:33:12,3
514,Sevilla,SVQ,2022-01-29 08:53:38,A Coruña,LCG,2022-01-29 09:43:38,3
515,Malaga,AGP,2022-02-17 05:17:39,Valencia,VLC,2022-02-17 06:07:39,9
516,Malaga,AGP,2022-01-03 08:11:29,Malaga,AGP,2022-01-03 09:01:29,3
517,Santiago de Compostela,STG,2022-04-19 18:34:54,Sevilla,SVQ,2022-04-19 19:24:54,9
518,Malaga,AGP,2022-02-21 17:35:19,Alicante,ALC,2022-02-21 18:25:19,8
519,Madrid,MAD,2022-06-20 00:02:30,Barcelona,BCN,2022-06-20 00:52:30,1
520,A Coruña,LCG,2021-10-01 22:56:14,Sevilla,SVQ,2021-10-01 23:46:14,3
521,Malaga,AGP,2021-09-27 20:41:52,A Coruña,LCG,2021-09-27 21:31:52,1
522,Sevilla,SVQ,2022-08-10 20:35:45,Madrid,MAD,2022-08-10 21:25:45,6
523,Valencia,VLC,2021-09-30 06:08:01,Alicante,ALC,2021-09-30 06:58:01,8
524,Malaga,AGP,2022-01-30 00:02:25,Malaga,AGP,2022-01-30 00:52:25,8
525,Alicante,ALC,2022-04-26 15:23:49,Sevilla,SVQ,2022-04-26 16:13:49,2
526,Sevilla,SVQ,2022-06-22 16:09:13,Madrid,MAD,2022-06-22 16:59:13,4
527,Barcelona,BCN,2021-12-28 08:47:35,Sevilla,SVQ,2021-12-28 09:37:35,6
528,Malaga,AGP,2022-01-03 21:51:36,Alicante,ALC,2022-01-03 22:41:36,10
529,Malaga,AGP,2022-08-02 06:35:36,Sevilla,SVQ,2022-08-02 07:25:36,3
530,Sevilla,SVQ,2022-03-26 00:46:31,Santiago de Compostela,STG,2022-03-26 01:36:31,1
531,Valencia,VLC,2022-06-17 16:38:13,Barcelona,BCN,2022-06-17 17:28:13,8
532,Santiago de Compostela,STG,2022-09-08 06:37:47,Madrid,MAD,2022-09-08 07:27:47,10
533,Sevilla,SVQ,2022-05-27 01:04:12,Valencia,VLC,2022-05-27 01:54:12,7
534,Malaga,AGP,2022-01-25 15:54:50,Alicante,ALC,2022-01-25 16:44:50,7
535,Bilbao,BIO,2022-02-03 19:57:50,Valencia,VLC,2022-02-03 20:47:50,1
536,Alicante,ALC,2021-11-16 19:05:21,Bilbao,BIO,2021-11-16 19:55:21,5
537,Barcelona,BCN,2022-02-14 03:14:13,Bilbao,BIO,2022-02-14 04:04:13,10
538,Sevilla,SVQ,2022-02-27 02:54:09,A Coruña,LCG,2022-02-27 03:44:09,3
539,Sevilla,SVQ,2022-09-09 15:20:08,Madrid,MAD,2022-09-09 16:10:08,9
540,Bilbao,BIO,2021-11-17 21:17:46,Santiago de Compostela,STG,2021-11-17 22:07:46,10
541,Bilbao,BIO,2021-11-06 03:26:32,Sevilla,SVQ,2021-11-06 04:16:32,10
542,Alicante,ALC,2022-03-30 11:51:46,Madrid,MAD,2022-03-30 12:41:46,4
543,Madrid,MAD,2021-11-27 08:45:24,Madrid,MAD,2021-11-27 09:35:24,3
544,Barcelona,BCN,2022-04-04 05:43:45,Barcelona,BCN,2022-04-04 06:33:45,5
545,A Coruña,LCG,2022-05-08 00:21:39,Malaga,AGP,2022-05-08 01:11:39,8
546,Valencia,VLC,2022-09-06 06:08:31,Sevilla,SVQ,2022-09-06 06:58:31,2
547,Alicante,ALC,2022-07-16 20:24:54,Sevilla,SVQ,2022-07-16 21:14:54,4
548,Malaga,AGP,2021-10-24 00:07:30,Valencia,VLC,2021-10-24 00:57:30,8
549,Barcelona,BCN,2022-07-01 07:21:52,Bilbao,BIO,2022-07-01 08:11:52,10
550,Sevilla,SVQ,2021-11-08 00:21:24,Madrid,MAD,2021-11-08 01:11:24,6
551,Sevilla,SVQ,2022-07-24 18:06:59,Barcelona,BCN,2022-07-24 18:56:59,8
552,A Coruña,LCG,2021-12-30 02:52:24,Valencia,VLC,2021-12-30 03:42:24,9
553,Madrid,MAD,2021-12-10 07:51:12,Santiago de Compostela,STG,2021-12-10 08:41:12,9
554,Valencia,VLC,2022-02-24 14:42:28,Alicante,ALC,2022-02-24 15:32:28,4
555,Valencia,VLC,2022-05-17 20:54:46,Alicante,ALC,2022-05-17 21:44:46,1
556,Valencia,VLC,2022-08-26 09:55:16,Bilbao,BIO,2022-08-26 10:45:16,1
557,Barcelona,BCN,2022-09-14 00:35:20,Madrid,MAD,2022-09-14 01:25:20,3
558,Sevilla,SVQ,2021-11-15 13:02:12,A Coruña,LCG,2021-11-15 13:52:12,10
559,A Coruña,LCG,2021-12-06 13:23:47,Bilbao,BIO,2021-12-06 14:13:47,8
560,Valencia,VLC,2021-10-14 18:52:47,Valencia,VLC,2021-10-14 19:42:47,6
561,Valencia,VLC,2021-11-23 00:12:30,A Coruña,LCG,2021-11-23 01:02:30,1
562,Sevilla,SVQ,2022-01-18 09:25:41,Bilbao,BIO,2022-01-18 10:15:41,2
563,Madrid,MAD,2022-04-10 18:18:01,Sevilla,SVQ,2022-04-10 19:08:01,3
564,Barcelona,BCN,2022-04-25 15:06:03,Malaga,AGP,2022-04-25 15:56:03,3
565,Santiago de Compostela,STG,2021-11-01 01:32:10,Santiago de Compostela,STG,2021-11-01 02:22:10,5
566,Alicante,ALC,2022-04-18 05:38:58,Madrid,MAD,2022-04-18 06:28:58,8
567,A Coruña,LCG,2022-03-13 20:36:06,Santiago de Compostela,STG,2022-03-13 21:26:06,6
568,Sevilla,SVQ,2022-01-17 21:16:14,Madrid,MAD,2022-01-17 22:06:14,9
569,Santiago de Compostela,STG,2022-09-02 23:36:00,Madrid,MAD,2022-09-03 00:26:00,5
570,A Coruña,LCG,2021-11-25 22:50:04,Sevilla,SVQ,2021-11-25 23:40:04,4
571,Barcelona,BCN,2021-11-29 06:45:04,Malaga,AGP,2021-11-29 07:35:04,7
572,Alicante,ALC,2022-05-28 18:26:54,Santiago de Compostela,STG,2022-05-28 19:16:54,10
573,Santiago de Compostela,STG,2021-12-14 14:53:10,Sevilla,SVQ,2021-12-14 15:43:10,10
574,Alicante,ALC,2022-09-12 17:18:21,Barcelona,BCN,2022-09-12 18:08:21,1
575,Bilbao,BIO,2021-11-03 19:19:25,Madrid,MAD,2021-11-03 20:09:25,7
576,Bilbao,BIO,2022-02-01 08:41:21,Bilbao,BIO,2022-02-01 09:31:21,2
577,Sevilla,SVQ,2022-02-24 00:30:54,Santiago de Compostela,STG,2022-02-24 01:20:54,8
578,A Coruña,LCG,2021-11-06 00:07:22,A Coruña,LCG,2021-11-06 00:57:22,2
579,Alicante,ALC,2021-09-30 00:16:53,Sevilla,SVQ,2021-09-30 01:06:53,9
580,Madrid,MAD,2022-07-29 20:21:40,Malaga,AGP,2022-07-29 21:11:40,8
581,Santiago de Compostela,STG,2021-10-16 16:41:28,A Coruña,LCG,2021-10-16 17:31:28,6
582,Sevilla,SVQ,2022-01-02 23:38:31,Alicante,ALC,2022-01-03 00:28:31,10
583,Malaga,AGP,2022-03-09 11:37:25,Sevilla,SVQ,2022-03-09 12:27:25,2
584,Bilbao,BIO,2022-02-05 09:45:06,Malaga,AGP,2022-02-05 10:35:06,7
585,Sevilla,SVQ,2022-02-05 06:46:21,Valencia,VLC,2022-02-05 07:36:21,7
586,Sevilla,SVQ,2021-11-28 13:35:40,Barcelona,BCN,2021-11-28 14:25:40,2
587,A Coruña,LCG,2021-09-28 11:24:38,Madrid,MAD,2021-09-28 12:14:38,5
588,Malaga,AGP,2021-11-08 18:03:37,Madrid,MAD,2021-11-08 18:53:37,2
589,Sevilla,SVQ,2022-09-15 15:20:32,Alicante,ALC,2022-09-15 16:10:32,9
590,Valencia,VLC,2021-10-28 06:19:40,Madrid,MAD,2021-10-28 07:09:40,9
591,Barcelona,BCN,2021-11-18 14:03:23,Alicante,ALC,2021-11-18 14:53:23,6
592,Sevilla,SVQ,2021-10-16 05:31:42,Santiago de Compostela,STG,2021-10-16 06:21:42,8
593,Valencia,VLC,2022-05-11 05:38:52,A Coruña,LCG,2022-05-11 06:28:52,7
594,Valencia,VLC,2021-11-13 04:39:08,A Coruña,LCG,2021-11-13 05:29:08,4
595,A Coruña,LCG,2021-12-09 22:41:09,Santiago de Compostela,STG,2021-12-09 23:31:09,2
596,A Coruña,LCG,2022-06-07 07:19:56,Barcelona,BCN,2022-06-07 08:09:56,4
597,Bilbao,BIO,2022-08-01 15:31:54,Malaga,AGP,2022-08-01 16:21:54,3
598,Bilbao,BIO,2022-07-03 08:25:13,Sevilla,SVQ,2022-07-03 09:15:13,10
599,Bilbao,BIO,2022-08-10 01:08:37,Alicante,ALC,2022-08-10 01:58:37,6
600,Alicante,ALC,2022-08-30 19:24:44,Bilbao,BIO,2022-08-30 20:14:44,2
601,Sevilla,SVQ,2022-09-09 05:14:40,Valencia,VLC,2022-09-09 06:04:40,8
602,Santiago de Compostela,STG,2022-01-27 21:25:27,Valencia,VLC,2022-01-27 22:15:27,2
603,Alicante,ALC,2022-05-02 07:57:47,Santiago de Compostela,STG,2022-05-02 08:47:47,9
604,Bilbao,BIO,2021-11-15 12:57:04,Santiago de Compostela,STG,2021-11-15 13:47:04,6
605,Valencia,VLC,2022-07-30 04:47:41,Alicante,ALC,2022-07-30 05:37:41,9
606,Madrid,MAD,2021-12-05 16:32:54,Valencia,VLC,2021-12-05 17:22:54,9
607,Sevilla,SVQ,2022-01-04 07:37:30,Madrid,MAD,2022-01-04 08:27:30,9
608,Sevilla,SVQ,2022-02-18 23:06:31,Malaga,AGP,2022-02-18 23:56:31,6
609,Valencia,VLC,2021-10-20 06:30:48,Bilbao,BIO,2021-10-20 07:20:48,9
610,Sevilla,SVQ,2022-09-01 07:07:55,Malaga,AGP,2022-09-01 07:57:55,9
611,Alicante,ALC,2021-11-20 17:44:14,A Coruña,LCG,2021-11-20 18:34:14,1
612,Sevilla,SVQ,2021-12-12 04:42:46,A Coruña,LCG,2021-12-12 05:32:46,5
613,Santiago de Compostela,STG,2022-08-08 20:05:59,A Coruña,LCG,2022-08-08 20:55:59,7
614,Sevilla,SVQ,2022-08-04 16:13:24,Malaga,AGP,2022-08-04 17:03:24,3
615,Santiago de Compostela,STG,2021-09-23 08:24:48,Malaga,AGP,2021-09-23 09:14:48,6
616,Santiago de Compostela,STG,2021-10-28 00:49:46,Malaga,AGP,2021-10-28 01:39:46,1
617,A Coruña,LCG,2022-04-16 23:13:33,A Coruña,LCG,2022-04-17 00:03:33,5
618,Santiago de Compostela,STG,2022-05-28 14:46:40,Alicante,ALC,2022-05-28 15:36:40,2
619,Alicante,ALC,2022-07-11 13:27:01,Alicante,ALC,2022-07-11 14:17:01,9
620,Madrid,MAD,2022-06-05 22:50:23,A Coruña,LCG,2022-06-05 23:40:23,5
621,Bilbao,BIO,2022-01-11 23:55:32,A Coruña,LCG,2022-01-12 00:45:32,7
622,Sevilla,SVQ,2022-09-11 17:04:53,Malaga,AGP,2022-09-11 17:54:53,9
623,Valencia,VLC,2021-11-11 16:18:24,Madrid,MAD,2021-11-11 17:08:24,3
624,Santiago de Compostela,STG,2022-02-12 05:29:56,Sevilla,SVQ,2022-02-12 06:19:56,6
625,Sevilla,SVQ,2022-04-02 01:02:34,Valencia,VLC,2022-04-02 01:52:34,10
626,Sevilla,SVQ,2021-11-25 02:44:06,Valencia,VLC,2021-11-25 03:34:06,5
627,Valencia,VLC,2021-10-26 05:06:47,Sevilla,SVQ,2021-10-26 05:56:47,3
628,Alicante,ALC,2022-06-17 22:40:32,Sevilla,SVQ,2022-06-17 23:30:32,5
629,Santiago de Compostela,STG,2022-03-18 12:08:25,Santiago de Compostela,STG,2022-03-18 12:58:25,10
630,Malaga,AGP,2021-09-22 16:57:31,Barcelona,BCN,2021-09-22 17:47:31,7
631,Malaga,AGP,2021-12-21 13:47:13,Bilbao,BIO,2021-12-21 14:37:13,8
632,Madrid,MAD,2021-10-25 19:42:49,Santiago de Compostela,STG,2021-10-25 20:32:49,4
633,Sevilla,SVQ,2022-01-23 17:58:37,Sevilla,SVQ,2022-01-23 18:48:37,2
634,Santiago de Compostela,STG,2021-12-21 21:18:33,Sevilla,SVQ,2021-12-21 22:08:33,1
635,Sevilla,SVQ,2022-08-24 21:02:58,Valencia,VLC,2022-08-24 21:52:58,1
636,Alicante,ALC,2022-07-01 01:22:03,Valencia,VLC,2022-07-01 02:12:03,4
637,Sevilla,SVQ,2022-05-25 05:34:06,Bilbao,BIO,2022-05-25 06:24:06,10
638,Bilbao,BIO,2022-01-30 13:45:57,Alicante,ALC,2022-01-30 14:35:57,7
639,Barcelona,BCN,2022-02-22 21:44:28,Madrid,MAD,2022-02-22 22:34:28,8
640,Alicante,ALC,2022-02-25 06:33:56,Madrid,MAD,2022-02-25 07:23:56,2
641,Valencia,VLC,2022-01-09 00:52:51,Malaga,AGP,2022-01-09 01:42:51,3
642,Alicante,ALC,2022-05-21 15:13:59,Bilbao,BIO,2022-05-21 16:03:59,6
643,Malaga,AGP,2022-09-10 00:18:19,Santiago de Compostela,STG,2022-09-10 01:08:19,3
644,Malaga,AGP,2022-04-23 07:16:27,Santiago de Compostela,STG,2022-04-23 08:06:27,2
645,Alicante,ALC,2021-11-23 09:53:34,Malaga,AGP,2021-11-23 10:43:34,3
646,Valencia,VLC,2022-08-04 18:53:36,Sevilla,SVQ,2022-08-04 19:43:36,1
647,Malaga,AGP,2022-02-12 21:32:13,Santiago de Compostela,STG,2022-02-12 22:22:13,4
648,Bilbao,BIO,2021-11-08 23:45:55,Santiago de Compostela,STG,2021-11-09 00:35:55,1
649,Santiago de Compostela,STG,2022-03-14 20:07:59,A Coruña,LCG,2022-03-14 20:57:59,10
650,Barcelona,BCN,2021-11-01 08:17:41,Sevilla,SVQ,2021-11-01 09:07:41,2
651,A Coruña,LCG,2022-06-30 05:38:58,Malaga,AGP,2022-06-30 06:28:58,7
652,Valencia,VLC,2022-08-17 21:54:06,Barcelona,BCN,2022-08-17 22:44:06,8
653,Valencia,VLC,2022-02-03 01:05:20,Bilbao,BIO,2022-02-03 01:55:20,3
654,A Coruña,LCG,2021-12-31 03:46:00,Malaga,AGP,2021-12-31 04:36:00,9
655,Santiago de Compostela,STG,2022-05-12 21:15:17,Valencia,VLC,2022-05-12 22:05:17,5
656,Alicante,ALC,2021-11-01 06:40:34,Alicante,ALC,2021-11-01 07:30:34,5
657,A Coruña,LCG,2022-09-14 10:28:58,Sevilla,SVQ,2022-09-14 11:18:58,3
658,Madrid,MAD,2022-05-18 08:19:54,Madrid,MAD,2022-05-18 09:09:54,7
659,Madrid,MAD,2022-05-23 05:51:50,Bilbao,BIO,2022-05-23 06:41:50,2
660,Valencia,VLC,2022-08-23 03:42:18,A Coruña,LCG,2022-08-23 04:32:18,9
661,Madrid,MAD,2022-01-14 11:35:03,Madrid,MAD,2022-01-14 12:25:03,9
662,Bilbao,BIO,2022-07-08 13:26:31,Valencia,VLC,2022-07-08 14:16:31,7
663,Malaga,AGP,2022-05-24 07:00:59,Barcelona,BCN,2022-05-24 07:50:59,9
664,Barcelona,BCN,2022-05-04 22:44:25,Sevilla,SVQ,2022-05-04 23:34:25,9
665,Alicante,ALC,2022-08-21 17:06:29,Valencia,VLC,2022-08-21 17:56:29,3
666,A Coruña,LCG,2022-07-13 19:47:42,Valencia,VLC,2022-07-13 20:37:42,5
667,Bilbao,BIO,2021-09-27 17:40:08,Sevilla,SVQ,2021-09-27 18:30:08,8
668,Alicante,ALC,2022-01-26 11:20:35,A Coruña,LCG,2022-01-26 12:10:35,7
669,Bilbao,BIO,2022-04-04 04:42:24,A Coruña,LCG,2022-04-04 05:32:24,8
670,Malaga,AGP,2021-09-30 02:02:04,Sevilla,SVQ,2021-09-30 02:52:04,9
671,Valencia,VLC,2022-04-09 01:02:47,A Coruña,LCG,2022-04-09 01:52:47,2
672,Barcelona,BCN,2022-03-13 06:53:45,Alicante,ALC,2022-03-13 07:43:45,10
673,Bilbao,BIO,2022-05-27 18:13:34,Alicante,ALC,2022-05-27 19:03:34,6
674,Alicante,ALC,2022-04-23 17:33:07,Valencia,VLC,2022-04-23 18:23:07,2
675,Alicante,ALC,2021-12-31 02:37:45,Valencia,VLC,2021-12-31 03:27:45,4
676,Malaga,AGP,2022-06-19 23:28:45,Madrid,MAD,2022-06-20 00:18:45,3
677,Bilbao,BIO,2022-02-18 12:58:25,Sevilla,SVQ,2022-02-18 13:48:25,5
678,Barcelona,BCN,2022-03-28 07:36:09,Santiago de Compostela,STG,2022-03-28 08:26:09,3
679,Valencia,VLC,2022-01-28 07:09:02,Alicante,ALC,2022-01-28 07:59:02,2
680,Malaga,AGP,2022-05-09 02:56:19,Madrid,MAD,2022-05-09 03:46:19,10
681,Malaga,AGP,2022-04-06 08:26:58,Alicante,ALC,2022-04-06 09:16:58,2
682,Barcelona,BCN,2022-01-18 14:32:54,Barcelona,BCN,2022-01-18 15:22:54,2
683,Barcelona,BCN,2021-12-13 17:08:52,A Coruña,LCG,2021-12-13 17:58:52,9
684,Valencia,VLC,2022-05-19 14:33:59,Barcelona,BCN,2022-05-19 15:23:59,7
685,Barcelona,BCN,2021-12-25 02:39:14,Santiago de Compostela,STG,2021-12-25 03:29:14,3
686,Sevilla,SVQ,2022-05-03 16:10:49,Alicante,ALC,2022-05-03 17:00:49,3
687,Santiago de Compostela,STG,2022-01-22 02:35:33,Bilbao,BIO,2022-01-22 03:25:33,7
688,Santiago de Compostela,STG,2022-07-23 14:58:19,Santiago de Compostela,STG,2022-07-23 15:48:19,4
689,Santiago de Compostela,STG,2022-06-28 00:08:17,A Coruña,LCG,2022-06-28 00:58:17,4
690,Santiago de Compostela,STG,2022-09-17 12:48:43,Madrid,MAD,2022-09-17 13:38:43,9
691,Barcelona,BCN,2021-10-22 05:23:22,Bilbao,BIO,2021-10-22 06:13:22,1
692,Santiago de Compostela,STG,2022-08-18 01:25:35,Bilbao,BIO,2022-08-18 02:15:35,8
693,Santiago de Compostela,STG,2021-10-16 21:34:53,Valencia,VLC,2021-10-16 22:24:53,4
694,Bilbao,BIO,2021-11-08 15:42:45,Bilbao,BIO,2021-11-08 16:32:45,10
695,Malaga,AGP,2022-02-09 20:17:19,Sevilla,SVQ,2022-02-09 21:07:19,3
696,Santiago de Compostela,STG,2022-02-09 08:39:42,Bilbao,BIO,2022-02-09 09:29:42,10
697,Barcelona,BCN,2022-05-25 04:41:32,Valencia,VLC,2022-05-25 05:31:32,5
698,Bilbao,BIO,2022-07-18 18:28:18,Santiago de Compostela,STG,2022-07-18 19:18:18,9
699,Santiago de Compostela,STG,2022-08-11 15:43:19,Barcelona,BCN,2022-08-11 16:33:19,5
700,Santiago de Compostela,STG,2022-03-02 21:09:03,A Coruña,LCG,2022-03-02 21:59:03,7
701,Barcelona,BCN,2022-05-25 20:45:05,A Coruña,LCG,2022-05-25 21:35:05,9
702,Malaga,AGP,2022-01-22 05:14:13,Alicante,ALC,2022-01-22 06:04:13,3
703,Alicante,ALC,2021-11-05 01:38:02,Bilbao,BIO,2021-11-05 02:28:02,10
704,Valencia,VLC,2022-01-09 20:52:52,Madrid,MAD,2022-01-09 21:42:52,9
705,Madrid,MAD,2021-11-30 00:20:29,A Coruña,LCG,2021-11-30 01:10:29,10
706,Valencia,VLC,2021-11-04 00:10:23,A Coruña,LCG,2021-11-04 01:00:23,9
707,Santiago de Compostela,STG,2022-05-25 00:05:18,Alicante,ALC,2022-05-25 00:55:18,3
708,A Coruña,LCG,2022-03-09 17:47:08,Santiago de Compostela,STG,2022-03-09 18:37:08,2
709,Alicante,ALC,2022-07-02 00:55:37,Bilbao,BIO,2022-07-02 01:45:37,10
710,Sevilla,SVQ,2021-11-08 16:45:42,A Coruña,LCG,2021-11-08 17:35:42,9
711,Bilbao,BIO,2021-12-21 22:16:28,Alicante,ALC,2021-12-21 23:06:28,7
712,Bilbao,BIO,2022-06-02 14:14:18,Alicante,ALC,2022-06-02 15:04:18,3
713,Santiago de Compostela,STG,2022-05-23 08:17:56,Santiago de Compostela,STG,2022-05-23 09:07:56,6
714,Santiago de Compostela,STG,2022-07-21 15:53:23,Malaga,AGP,2022-07-21 16:43:23,3
715,Valencia,VLC,2021-10-15 14:58:05,Malaga,AGP,2021-10-15 15:48:05,10
716,Santiago de Compostela,STG,2021-11-17 01:29:12,A Coruña,LCG,2021-11-17 02:19:12,4
717,Madrid,MAD,2022-04-10 01:35:07,Bilbao,BIO,2022-04-10 02:25:07,4
718,Madrid,MAD,2022-04-03 06:23:44,Madrid,MAD,2022-04-03 07:13:44,4
719,Barcelona,BCN,2022-09-11 12:04:44,Alicante,ALC,2022-09-11 12:54:44,5
720,Santiago de Compostela,STG,2022-01-18 08:03:36,Bilbao,BIO,2022-01-18 08:53:36,4
721,Santiago de Compostela,STG,2022-02-05 13:17:51,Alicante,ALC,2022-02-05 14:07:51,7
722,Alicante,ALC,2022-06-22 07:36:56,Valencia,VLC,2022-06-22 08:26:56,7
723,A Coruña,LCG,2022-09-07 20:01:26,Bilbao,BIO,2022-09-07 20:51:26,1
724,Santiago de Compostela,STG,2022-04-27 09:45:36,Alicante,ALC,2022-04-27 10:35:36,2
725,Santiago de Compostela,STG,2022-06-23 12:48:25,Madrid,MAD,2022-06-23 13:38:25,10
726,Santiago de Compostela,STG,2021-11-09 05:14:38,Malaga,AGP,2021-11-09 06:04:38,6
727,Valencia,VLC,2022-03-29 20:15:55,Malaga,AGP,2022-03-29 21:05:55,10
728,Sevilla,SVQ,2022-07-16 14:29:52,Bilbao,BIO,2022-07-16 15:19:52,7
729,Alicante,ALC,2022-07-31 22:03:43,Santiago de Compostela,STG,2022-07-31 22:53:43,6
730,Sevilla,SVQ,2021-12-22 19:17:07,Barcelona,BCN,2021-12-22 20:07:07,10
731,A Coruña,LCG,2022-05-02 02:31:08,A Coruña,LCG,2022-05-02 03:21:08,8
732,Malaga,AGP,2021-12-26 02:16:20,Alicante,ALC,2021-12-26 03:06:20,10
733,Sevilla,SVQ,2022-04-16 06:43:28,Bilbao,BIO,2022-04-16 07:33:28,3
734,Alicante,ALC,2022-08-26 22:41:18,Bilbao,BIO,2022-08-26 23:31:18,3
735,Alicante,ALC,2022-06-22 15:09:04,Valencia,VLC,2022-06-22 15:59:04,2
736,Sevilla,SVQ,2022-09-15 08:14:09,A Coruña,LCG,2022-09-15 09:04:09,10
737,Valencia,VLC,2022-04-19 12:38:06,Bilbao,BIO,2022-04-19 13:28:06,9
738,Alicante,ALC,2022-08-10 21:36:42,Alicante,ALC,2022-08-10 22:26:42,2
739,Madrid,MAD,2022-09-03 07:44:58,Bilbao,BIO,2022-09-03 08:34:58,10
740,A Coruña,LCG,2022-03-19 08:01:32,Barcelona,BCN,2022-03-19 08:51:32,2
741,Santiago de Compostela,STG,2021-12-17 00:22:59,Santiago de Compostela,STG,2021-12-17 01:12:59,8
742,Valencia,VLC,2021-12-18 14:47:03,Madrid,MAD,2021-12-18 15:37:03,2
743,Santiago de Compostela,STG,2021-12-25 01:25:44,Alicante,ALC,2021-12-25 02:15:44,4
744,Santiago de Compostela,STG,2022-06-12 15:13:45,Santiago de Compostela,STG,2022-06-12 16:03:45,7
745,Bilbao,BIO,2022-08-26 11:19:48,Sevilla,SVQ,2022-08-26 12:09:48,1
746,Santiago de Compostela,STG,2022-08-07 23:42:04,Sevilla,SVQ,2022-08-08 00:32:04,9
747,Sevilla,SVQ,2021-12-16 15:01:02,Malaga,AGP,2021-12-16 15:51:02,10
748,Sevilla,SVQ,2022-07-01 15:22:08,Malaga,AGP,2022-07-01 16:12:08,1
749,A Coruña,LCG,2021-10-13 16:10:33,Malaga,AGP,2021-10-13 17:00:33,3
750,Malaga,AGP,2021-12-06 15:08:37,Bilbao,BIO,2021-12-06 15:58:37,1
751,Madrid,MAD,2021-09-27 16:09:26,Malaga,AGP,2021-09-27 16:59:26,3
752,Sevilla,SVQ,2022-01-21 05:50:51,Santiago de Compostela,STG,2022-01-21 06:40:51,6
753,Bilbao,BIO,2022-07-31 14:50:30,Bilbao,BIO,2022-07-31 15:40:30,8
754,A Coruña,LCG,2021-12-25 20:28:18,Malaga,AGP,2021-12-25 21:18:18,4
755,A Coruña,LCG,2021-10-05 07:10:42,Santiago de Compostela,STG,2021-10-05 08:00:42,10
756,Bilbao,BIO,2022-01-25 10:41:33,Barcelona,BCN,2022-01-25 11:31:33,6
757,Bilbao,BIO,2021-10-02 00:57:36,Sevilla,SVQ,2021-10-02 01:47:36,3
758,Bilbao,BIO,2022-04-14 06:19:59,Sevilla,SVQ,2022-04-14 07:09:59,2
759,Alicante,ALC,2022-04-21 02:58:26,Bilbao,BIO,2022-04-21 03:48:26,10
760,Valencia,VLC,2022-04-13 01:25:50,Barcelona,BCN,2022-04-13 02:15:50,10
761,Santiago de Compostela,STG,2022-02-25 16:31:05,A Coruña,LCG,2022-02-25 17:21:05,1
762,Valencia,VLC,2022-05-13 05:00:07,Bilbao,BIO,2022-05-13 05:50:07,6
763,Bilbao,BIO,2022-07-22 18:34:49,Malaga,AGP,2022-07-22 19:24:49,2
764,Malaga,AGP,2022-02-14 07:14:05,Bilbao,BIO,2022-02-14 08:04:05,5
765,Madrid,MAD,2022-02-09 14:19:02,Sevilla,SVQ,2022-02-09 15:09:02,8
766,Madrid,MAD,2022-07-03 06:53:05,Bilbao,BIO,2022-07-03 07:43:05,9
767,Madrid,MAD,2021-10-30 18:04:13,Santiago de Compostela,STG,2021-10-30 18:54:13,2
768,Sevilla,SVQ,2022-07-01 10:43:34,Valencia,VLC,2022-07-01 11:33:34,2
769,Alicante,ALC,2022-04-24 02:00:01,Valencia,VLC,2022-04-24 02:50:01,2
770,Barcelona,BCN,2021-12-17 18:59:56,Malaga,AGP,2021-12-17 19:49:56,7
771,Barcelona,BCN,2021-10-20 15:13:31,Bilbao,BIO,2021-10-20 16:03:31,5
772,Alicante,ALC,2022-06-13 14:27:28,Bilbao,BIO,2022-06-13 15:17:28,4
773,Alicante,ALC,2022-02-13 11:31:58,Bilbao,BIO,2022-02-13 12:21:58,1
774,Madrid,MAD,2021-10-05 07:40:45,Malaga,AGP,2021-10-05 08:30:45,2
775,Madrid,MAD,2021-11-29 07:59:58,A Coruña,LCG,2021-11-29 08:49:58,6
776,Alicante,ALC,2021-12-01 15:51:33,Malaga,AGP,2021-12-01 16:41:33,10
777,Alicante,ALC,2021-10-18 00:48:43,Santiago de Compostela,STG,2021-10-18 01:38:43,1
778,Sevilla,SVQ,2022-02-27 06:53:34,A Coruña,LCG,2022-02-27 07:43:34,1
779,Malaga,AGP,2022-08-09 17:10:35,A Coruña,LCG,2022-08-09 18:00:35,9
780,A Coruña,LCG,2021-10-19 20:49:01,Valencia,VLC,2021-10-19 21:39:01,4
781,Madrid,MAD,2021-10-09 10:21:52,A Coruña,LCG,2021-10-09 11:11:52,1
782,Malaga,AGP,2022-02-15 15:39:32,Madrid,MAD,2022-02-15 16:29:32,2
783,Sevilla,SVQ,2022-03-30 18:59:01,Santiago de Compostela,STG,2022-03-30 19:49:01,8
784,Barcelona,BCN,2021-12-06 18:21:42,Valencia,VLC,2021-12-06 19:11:42,6
785,Santiago de Compostela,STG,2022-03-15 11:17:24,Valencia,VLC,2022-03-15 12:07:24,4
786,Sevilla,SVQ,2022-02-27 16:15:54,Valencia,VLC,2022-02-27 17:05:54,6
787,Alicante,ALC,2022-02-12 22:40:52,Alicante,ALC,2022-02-12 23:30:52,6
788,Barcelona,BCN,2022-04-27 04:36:54,Malaga,AGP,2022-04-27 05:26:54,10
789,A Coruña,LCG,2021-11-19 12:59:28,Santiago de Compostela,STG,2021-11-19 13:49:28,7
790,Santiago de Compostela,STG,2022-05-13 15:36:43,Madrid,MAD,2022-05-13 16:26:43,8
791,Valencia,VLC,2022-05-21 02:40:34,Madrid,MAD,2022-05-21 03:30:34,9
792,Alicante,ALC,2021-10-05 06:19:44,Malaga,AGP,2021-10-05 07:09:44,3
793,Sevilla,SVQ,2022-04-23 18:22:57,Alicante,ALC,2022-04-23 19:12:57,4
794,Valencia,VLC,2022-08-18 23:04:30,Santiago de Compostela,STG,2022-08-18 23:54:30,1
795,Malaga,AGP,2021-10-29 19:49:10,Malaga,AGP,2021-10-29 20:39:10,6
796,Sevilla,SVQ,2021-10-08 07:18:40,A Coruña,LCG,2021-10-08 08:08:40,1
797,Sevilla,SVQ,2021-11-10 01:19:30,Alicante,ALC,2021-11-10 02:09:30,8
798,A Coruña,LCG,2021-10-20 21:22:48,Malaga,AGP,2021-10-20 22:12:48,5
799,Santiago de Compostela,STG,2021-11-16 16:36:33,Alicante,ALC,2021-11-16 17:26:33,10
800,Sevilla,SVQ,2022-06-17 00:07:55,Santiago de Compostela,STG,2022-06-17 00:57:55,4
801,Alicante,ALC,2021-11-12 12:38:40,Valencia,VLC,2021-11-12 13:28:40,6
802,Malaga,AGP,2022-06-12 05:12:01,Santiago de Compostela,STG,2022-06-12 06:02:01,9
803,Valencia,VLC,2022-04-23 19:39:53,Santiago de Compostela,STG,2022-04-23 20:29:53,7
804,A Coruña,LCG,2021-12-14 13:57:26,Alicante,ALC,2021-12-14 14:47:26,1
805,Bilbao,BIO,2022-08-04 01:01:28,Bilbao,BIO,2022-08-04 01:51:28,6
806,Bilbao,BIO,2022-06-09 19:15:50,Madrid,MAD,2022-06-09 20:05:50,4
807,A Coruña,LCG,2022-08-09 23:57:18,Valencia,VLC,2022-08-10 00:47:18,7
808,Alicante,ALC,2022-08-20 19:56:03,Valencia,VLC,2022-08-20 20:46:03,7
809,Bilbao,BIO,2022-03-02 02:47:39,Malaga,AGP,2022-03-02 03:37:39,4
810,Alicante,ALC,2022-02-19 18:57:38,Barcelona,BCN,2022-02-19 19:47:38,6
811,Valencia,VLC,2022-08-21 18:27:00,Santiago de Compostela,STG,2022-08-21 19:17:00,4
812,Malaga,AGP,2021-11-12 19:49:36,Valencia,VLC,2021-11-12 20:39:36,5
813,Malaga,AGP,2022-03-25 23:36:03,Bilbao,BIO,2022-03-26 00:26:03,7
814,Valencia,VLC,2022-08-26 04:37:09,Bilbao,BIO,2022-08-26 05:27:09,3
815,A Coruña,LCG,2021-11-16 21:56:21,Malaga,AGP,2021-11-16 22:46:21,4
816,Barcelona,BCN,2022-02-07 22:36:47,A Coruña,LCG,2022-02-07 23:26:47,8
817,Valencia,VLC,2021-12-31 13:04:56,Valencia,VLC,2021-12-31 13:54:56,10
818,Bilbao,BIO,2022-07-07 17:04:01,Madrid,MAD,2022-07-07 17:54:01,2
819,Santiago de Compostela,STG,2022-07-08 08:04:34,Sevilla,SVQ,2022-07-08 08:54:34,7
820,Santiago de Compostela,STG,2022-01-17 17:01:43,Valencia,VLC,2022-01-17 17:51:43,4
821,Malaga,AGP,2022-05-25 02:15:49,Bilbao,BIO,2022-05-25 03:05:49,3
822,Sevilla,SVQ,2022-03-11 00:59:54,Barcelona,BCN,2022-03-11 01:49:54,2
823,Valencia,VLC,2021-12-15 05:05:47,Madrid,MAD,2021-12-15 05:55:47,10
824,Malaga,AGP,2021-11-25 16:19:46,Bilbao,BIO,2021-11-25 17:09:46,2
825,Sevilla,SVQ,2022-08-31 19:31:13,Madrid,MAD,2022-08-31 20:21:13,9
826,Madrid,MAD,2021-11-01 19:57:43,Madrid,MAD,2021-11-01 20:47:43,8
827,Valencia,VLC,2022-01-08 10:27:45,Alicante,ALC,2022-01-08 11:17:45,9
828,Barcelona,BCN,2022-08-22 00:27:43,Valencia,VLC,2022-08-22 01:17:43,7
829,Santiago de Compostela,STG,2022-08-15 10:32:34,Bilbao,BIO,2022-08-15 11:22:34,3
830,Barcelona,BCN,2022-01-17 13:53:35,Madrid,MAD,2022-01-17 14:43:35,8
831,Valencia,VLC,2021-12-19 22:41:05,Madrid,MAD,2021-12-19 23:31:05,4
832,Barcelona,BCN,2022-06-20 06:16:26,Barcelona,BCN,2022-06-20 07:06:26,8
833,Madrid,MAD,2021-12-13 16:37:30,Alicante,ALC,2021-12-13 17:27:30,1
834,Barcelona,BCN,2021-09-30 01:27:07,Malaga,AGP,2021-09-30 02:17:07,2
835,A Coruña,LCG,2022-09-07 01:47:53,Sevilla,SVQ,2022-09-07 02:37:53,7
836,Madrid,MAD,2022-06-20 13:01:02,Madrid,MAD,2022-06-20 13:51:02,4
837,Malaga,AGP,2022-07-17 17:09:33,Barcelona,BCN,2022-07-17 17:59:33,5
838,Santiago de Compostela,STG,2022-08-11 05:29:38,Santiago de Compostela,STG,2022-08-11 06:19:38,5
839,Barcelona,BCN,2022-09-17 15:09:03,Santiago de Compostela,STG,2022-09-17 15:59:03,2
840,Madrid,MAD,2022-09-02 13:33:17,Valencia,VLC,2022-09-02 14:23:17,2
841,Alicante,ALC,2022-06-03 00:40:45,Malaga,AGP,2022-06-03 01:30:45,3
842,Bilbao,BIO,2022-03-04 00:25:17,A Coruña,LCG,2022-03-04 01:15:17,7
843,Barcelona,BCN,2022-08-25 19:51:05,A Coruña,LCG,2022-08-25 20:41:05,7
844,Alicante,ALC,2022-05-01 09:03:13,Alicante,ALC,2022-05-01 09:53:13,7
845,Malaga,AGP,2022-05-14 18:07:45,A Coruña,LCG,2022-05-14 18:57:45,6
846,Sevilla,SVQ,2022-05-17 16:42:47,Bilbao,BIO,2022-05-17 17:32:47,7
847,Sevilla,SVQ,2021-10-13 12:44:47,Valencia,VLC,2021-10-13 13:34:47,10
848,Santiago de Compostela,STG,2022-09-03 15:36:03,Malaga,AGP,2022-09-03 16:26:03,4
849,A Coruña,LCG,2022-08-01 05:36:54,Madrid,MAD,2022-08-01 06:26:54,4
850,Madrid,MAD,2022-09-14 01:34:22,A Coruña,LCG,2022-09-14 02:24:22,5
851,Alicante,ALC,2022-06-28 05:25:55,Malaga,AGP,2022-06-28 06:15:55,8
852,Sevilla,SVQ,2022-04-03 14:35:21,Alicante,ALC,2022-04-03 15:25:21,3
853,A Coruña,LCG,2021-12-17 02:30:49,Santiago de Compostela,STG,2021-12-17 03:20:49,5
854,Sevilla,SVQ,2021-12-27 17:51:08,A Coruña,LCG,2021-12-27 18:41:08,5
855,Alicante,ALC,2022-02-27 21:17:47,Santiago de Compostela,STG,2022-02-27 22:07:47,5
856,Santiago de Compostela,STG,2022-05-16 05:49:37,Sevilla,SVQ,2022-05-16 06:39:37,10
857,Barcelona,BCN,2022-08-26 06:19:50,A Coruña,LCG,2022-08-26 07:09:50,8
858,Valencia,VLC,2022-03-17 02:20:47,A Coruña,LCG,2022-03-17 03:10:47,9
859,Barcelona,BCN,2021-10-25 13:51:55,Santiago de Compostela,STG,2021-10-25 14:41:55,4
860,Valencia,VLC,2021-09-28 20:42:20,Bilbao,BIO,2021-09-28 21:32:20,10
861,Alicante,ALC,2022-07-08 12:07:31,Santiago de Compostela,STG,2022-07-08 12:57:31,3
862,A Coruña,LCG,2022-04-16 13:36:25,Bilbao,BIO,2022-04-16 14:26:25,5
863,Valencia,VLC,2021-10-14 15:48:11,Santiago de Compostela,STG,2021-10-14 16:38:11,8
864,Valencia,VLC,2022-08-20 15:02:35,Sevilla,SVQ,2022-08-20 15:52:35,8
865,Santiago de Compostela,STG,2022-03-03 17:06:43,Santiago de Compostela,STG,2022-03-03 17:56:43,8
866,Sevilla,SVQ,2022-08-03 23:27:57,Malaga,AGP,2022-08-04 00:17:57,3
867,Valencia,VLC,2022-09-04 14:25:58,Madrid,MAD,2022-09-04 15:15:58,7
868,Malaga,AGP,2022-07-20 05:52:50,A Coruña,LCG,2022-07-20 06:42:50,6
869,Bilbao,BIO,2022-07-03 08:31:27,Bilbao,BIO,2022-07-03 09:21:27,3
870,Alicante,ALC,2022-03-13 22:11:54,Valencia,VLC,2022-03-13 23:01:54,3
871,Santiago de Compostela,STG,2022-08-06 05:26:18,Malaga,AGP,2022-08-06 06:16:18,8
872,Malaga,AGP,2022-02-18 07:08:13,Santiago de Compostela,STG,2022-02-18 07:58:13,1
873,Sevilla,SVQ,2022-01-11 20:12:49,Madrid,MAD,2022-01-11 21:02:49,8
874,Alicante,ALC,2021-12-18 06:41:40,Madrid,MAD,2021-12-18 07:31:40,7
875,Valencia,VLC,2022-05-16 12:14:08,Valencia,VLC,2022-05-16 13:04:08,1
876,Valencia,VLC,2021-11-07 14:26:56,Barcelona,BCN,2021-11-07 15:16:56,6
877,Madrid,MAD,2021-10-30 19:47:54,Malaga,AGP,2021-10-30 20:37:54,10
878,A Coruña,LCG,2022-09-09 08:06:12,Alicante,ALC,2022-09-09 08:56:12,10
879,Bilbao,BIO,2022-06-24 19:51:45,Alicante,ALC,2022-06-24 20:41:45,4
880,Sevilla,SVQ,2022-06-22 15:56:43,A Coruña,LCG,2022-06-22 16:46:43,8
881,Barcelona,BCN,2021-12-27 10:00:49,Alicante,ALC,2021-12-27 10:50:49,5
882,Santiago de Compostela,STG,2022-04-19 09:11:16,Malaga,AGP,2022-04-19 10:01:16,2
883,Sevilla,SVQ,2022-06-19 20:07:38,Valencia,VLC,2022-06-19 20:57:38,5
884,Sevilla,SVQ,2022-02-02 12:39:57,Bilbao,BIO,2022-02-02 13:29:57,4
885,A Coruña,LCG,2021-11-03 16:38:04,Santiago de Compostela,STG,2021-11-03 17:28:04,9
886,Bilbao,BIO,2022-02-23 01:08:34,Madrid,MAD,2022-02-23 01:58:34,9
887,Valencia,VLC,2022-07-03 09:39:32,Bilbao,BIO,2022-07-03 10:29:32,7
888,A Coruña,LCG,2022-02-23 11:31:21,Madrid,MAD,2022-02-23 12:21:21,5
889,Malaga,AGP,2022-03-25 13:29:06,A Coruña,LCG,2022-03-25 14:19:06,9
890,A Coruña,LCG,2022-03-18 15:13:33,Sevilla,SVQ,2022-03-18 16:03:33,7
891,A Coruña,LCG,2022-04-24 10:47:47,Alicante,ALC,2022-04-24 11:37:47,9
892,Santiago de Compostela,STG,2022-03-08 14:19:58,Alicante,ALC,2022-03-08 15:09:58,4
893,A Coruña,LCG,2021-10-13 00:32:32,Malaga,AGP,2021-10-13 01:22:32,2
894,Barcelona,BCN,2021-09-23 12:08:34,Sevilla,SVQ,2021-09-23 12:58:34,4
895,Valencia,VLC,2021-12-13 01:27:28,Sevilla,SVQ,2021-12-13 02:17:28,8
896,Barcelona,BCN,2022-08-01 11:12:44,Santiago de Compostela,STG,2022-08-01 12:02:44,4
897,Valencia,VLC,2022-01-18 12:05:38,Barcelona,BCN,2022-01-18 12:55:38,8
898,Santiago de Compostela,STG,2022-08-27 18:46:00,Madrid,MAD,2022-08-27 19:36:00,8
899,Alicante,ALC,2021-10-22 22:01:07,Barcelona,BCN,2021-10-22 22:51:07,9
900,Barcelona,BCN,2022-07-05 06:22:21,Malaga,AGP,2022-07-05 07:12:21,3
901,Alicante,ALC,2022-01-03 16:41:36,Malaga,AGP,2022-01-03 17:31:36,7
902,Barcelona,BCN,2021-11-16 22:50:07,Sevilla,SVQ,2021-11-16 23:40:07,2
903,Santiago de Compostela,STG,2021-12-16 18:41:42,Bilbao,BIO,2021-12-16 19:31:42,3
904,Sevilla,SVQ,2022-09-17 17:57:33,Barcelona,BCN,2022-09-17 18:47:33,8
905,Barcelona,BCN,2022-08-01 09:54:13,Bilbao,BIO,2022-08-01 10:44:13,5
906,Malaga,AGP,2022-09-04 06:56:35,Alicante,ALC,2022-09-04 07:46:35,4
907,Malaga,AGP,2022-02-15 13:26:13,Alicante,ALC,2022-02-15 14:16:13,2
908,Madrid,MAD,2022-05-22 19:56:58,Bilbao,BIO,2022-05-22 20:46:58,3
909,Bilbao,BIO,2022-04-09 23:35:29,Bilbao,BIO,2022-04-10 00:25:29,3
910,Madrid,MAD,2022-04-12 13:00:02,Alicante,ALC,2022-04-12 13:50:02,1
911,Santiago de Compostela,STG,2022-01-17 09:37:36,A Coruña,LCG,2022-01-17 10:27:36,7
912,Valencia,VLC,2022-05-31 22:24:36,Alicante,ALC,2022-05-31 23:14:36,6
913,A Coruña,LCG,2021-09-24 05:36:24,Malaga,AGP,2021-09-24 06:26:24,10
914,Valencia,VLC,2021-10-02 23:05:45,Sevilla,SVQ,2021-10-02 23:55:45,2
915,Alicante,ALC,2022-04-10 21:40:04,Malaga,AGP,2022-04-10 22:30:04,10
916,Barcelona,BCN,2022-04-02 17:10:33,Bilbao,BIO,2022-04-02 18:00:33,9
917,Sevilla,SVQ,2022-02-25 23:32:19,Sevilla,SVQ,2022-02-26 00:22:19,1
918,A Coruña,LCG,2021-12-10 20:45:45,Valencia,VLC,2021-12-10 21:35:45,10
919,Santiago de Compostela,STG,2022-08-01 10:02:51,Alicante,ALC,2022-08-01 10:52:51,5
920,Barcelona,BCN,2022-09-12 22:19:20,Bilbao,BIO,2022-09-12 23:09:20,6
921,Madrid,MAD,2022-05-18 01:55:55,Barcelona,BCN,2022-05-18 02:45:55,2
922,Barcelona,BCN,2022-04-11 11:02:13,A Coruña,LCG,2022-04-11 11:52:13,7
923,Bilbao,BIO,2022-01-21 15:16:12,Santiago de Compostela,STG,2022-01-21 16:06:12,9
924,Santiago de Compostela,STG,2022-05-20 18:16:08,Bilbao,BIO,2022-05-20 19:06:08,5
925,Madrid,MAD,2022-03-10 21:08:11,Bilbao,BIO,2022-03-10 21:58:11,9
926,Barcelona,BCN,2022-01-21 12:45:14,Bilbao,BIO,2022-01-21 13:35:14,6
927,Malaga,AGP,2022-04-04 19:57:12,Alicante,ALC,2022-04-04 20:47:12,4
928,Barcelona,BCN,2022-07-09 22:10:41,A Coruña,LCG,2022-07-09 23:00:41,10
929,Bilbao,BIO,2021-11-24 06:51:58,A Coruña,LCG,2021-11-24 07:41:58,7
930,Bilbao,BIO,2022-06-10 20:29:19,Santiago de Compostela,STG,2022-06-10 21:19:19,10
931,Bilbao,BIO,2021-12-18 11:52:04,Bilbao,BIO,2021-12-18 12:42:04,6
932,Sevilla,SVQ,2022-08-28 03:22:32,Sevilla,SVQ,2022-08-28 04:12:32,5
933,Madrid,MAD,2022-04-21 17:55:32,Madrid,MAD,2022-04-21 18:45:32,10
934,A Coruña,LCG,2022-06-26 05:36:15,Alicante,ALC,2022-06-26 06:26:15,8
935,Bilbao,BIO,2022-02-23 02:32:23,Madrid,MAD,2022-02-23 03:22:23,5
936,Santiago de Compostela,STG,2022-02-02 21:38:08,Madrid,MAD,2022-02-02 22:28:08,10
937,Bilbao,BIO,2022-09-18 00:54:35,A Coruña,LCG,2022-09-18 01:44:35,5
938,Madrid,MAD,2022-02-08 09:42:32,Santiago de Compostela,STG,2022-02-08 10:32:32,9
939,Madrid,MAD,2022-07-09 16:25:42,Santiago de Compostela,STG,2022-07-09 17:15:42,7
940,A Coruña,LCG,2022-04-14 00:28:01,Malaga,AGP,2022-04-14 01:18:01,8
941,Valencia,VLC,2022-04-15 19:10:03,Valencia,VLC,2022-04-15 20:00:03,9
942,Madrid,MAD,2022-02-17 15:39:29,A Coruña,LCG,2022-02-17 16:29:29,5
943,Sevilla,SVQ,2022-05-14 07:11:21,Madrid,MAD,2022-05-14 08:01:21,8
944,Valencia,VLC,2022-04-29 05:26:22,A Coruña,LCG,2022-04-29 06:16:22,3
945,A Coruña,LCG,2022-06-19 09:55:13,Alicante,ALC,2022-06-19 10:45:13,4
946,Barcelona,BCN,2022-03-12 17:09:28,Madrid,MAD,2022-03-12 17:59:28,9
947,Valencia,VLC,2022-08-18 09:29:16,Sevilla,SVQ,2022-08-18 10:19:16,3
948,Santiago de Compostela,STG,2021-09-26 10:26:39,Santiago de Compostela,STG,2021-09-26 11:16:39,3
949,Valencia,VLC,2021-12-12 22:08:25,Sevilla,SVQ,2021-12-12 22:58:25,8
950,Barcelona,BCN,2022-06-12 17:29:33,Santiago de Compostela,STG,2022-06-12 18:19:33,7
951,Sevilla,SVQ,2022-04-08 01:52:27,Madrid,MAD,2022-04-08 02:42:27,6
952,Malaga,AGP,2022-01-15 18:11:46,Bilbao,BIO,2022-01-15 19:01:46,1
953,Madrid,MAD,2022-07-15 01:53:29,Sevilla,SVQ,2022-07-15 02:43:29,6
954,Madrid,MAD,2022-07-28 09:57:10,A Coruña,LCG,2022-07-28 10:47:10,10
955,Madrid,MAD,2022-07-26 09:03:06,Sevilla,SVQ,2022-07-26 09:53:06,2
956,A Coruña,LCG,2022-01-14 06:54:55,Barcelona,BCN,2022-01-14 07:44:55,6
957,Valencia,VLC,2021-11-18 03:48:18,Valencia,VLC,2021-11-18 04:38:18,1
958,Alicante,ALC,2021-11-28 17:58:12,Valencia,VLC,2021-11-28 18:48:12,9
959,Bilbao,BIO,2022-01-13 18:46:36,Malaga,AGP,2022-01-13 19:36:36,5
960,Valencia,VLC,2022-04-28 13:03:56,Sevilla,SVQ,2022-04-28 13:53:56,2
961,A Coruña,LCG,2022-01-02 03:30:50,A Coruña,LCG,2022-01-02 04:20:50,9
962,Malaga,AGP,2022-01-25 15:12:24,Valencia,VLC,2022-01-25 16:02:24,7
963,Sevilla,SVQ,2022-04-06 06:43:26,Barcelona,BCN,2022-04-06 07:33:26,5
964,Madrid,MAD,2022-04-18 16:47:10,Malaga,AGP,2022-04-18 17:37:10,7
965,Malaga,AGP,2021-10-22 20:17:37,A Coruña,LCG,2021-10-22 21:07:37,10
966,Malaga,AGP,2022-04-28 12:53:31,Barcelona,BCN,2022-04-28 13:43:31,8
967,Barcelona,BCN,2021-10-18 08:31:43,Santiago de Compostela,STG,2021-10-18 09:21:43,3
968,Santiago de Compostela,STG,2022-05-27 08:11:57,Malaga,AGP,2022-05-27 09:01:57,2
969,Alicante,ALC,2022-09-12 17:58:24,Bilbao,BIO,2022-09-12 18:48:24,3
970,Barcelona,BCN,2022-01-31 12:00:38,Madrid,MAD,2022-01-31 12:50:38,3
971,Barcelona,BCN,2022-07-10 06:33:28,A Coruña,LCG,2022-07-10 07:23:28,8
972,Santiago de Compostela,STG,2021-12-16 10:28:07,Alicante,ALC,2021-12-16 11:18:07,9
973,Alicante,ALC,2021-10-01 00:30:13,Sevilla,SVQ,2021-10-01 01:20:13,2
974,Bilbao,BIO,2022-01-30 06:05:44,Malaga,AGP,2022-01-30 06:55:44,8
975,A Coruña,LCG,2021-11-22 18:41:16,Madrid,MAD,2021-11-22 19:31:16,5
976,Valencia,VLC,2021-11-25 01:50:12,Bilbao,BIO,2021-11-25 02:40:12,1
977,Barcelona,BCN,2022-09-12 21:24:01,Sevilla,SVQ,2022-09-12 22:14:01,2
978,Malaga,AGP,2021-12-17 02:42:04,Bilbao,BIO,2021-12-17 03:32:04,5
979,Alicante,ALC,2022-05-20 01:00:51,Valencia,VLC,2022-05-20 01:50:51,3
980,Valencia,VLC,2022-01-11 11:39:08,Bilbao,BIO,2022-01-11 12:29:08,7
981,Alicante,ALC,2022-08-23 20:47:17,Bilbao,BIO,2022-08-23 21:37:17,6
982,Alicante,ALC,2021-09-26 21:42:04,Sevilla,SVQ,2021-09-26 22:32:04,1
983,Santiago de Compostela,STG,2022-01-16 18:37:59,Sevilla,SVQ,2022-01-16 19:27:59,2
984,Alicante,ALC,2022-06-12 04:15:42,Sevilla,SVQ,2022-06-12 05:05:42,7
985,Santiago de Compostela,STG,2021-10-06 19:58:34,A Coruña,LCG,2021-10-06 20:48:34,9
986,Alicante,ALC,2022-08-12 08:56:12,Santiago de Compostela,STG,2022-08-12 09:46:12,10
987,Santiago de Compostela,STG,2022-09-13 01:02:57,Santiago de Compostela,STG,2022-09-13 01:52:57,8
988,A Coruña,LCG,2022-09-11 20:31:13,Madrid,MAD,2022-09-11 21:21:13,9
989,Sevilla,SVQ,2021-10-12 11:30:21,Sevilla,SVQ,2021-10-12 12:20:21,8
990,Valencia,VLC,2022-08-29 04:05:15,Santiago de Compostela,STG,2022-08-29 04:55:15,8
991,Alicante,ALC,2021-09-29 04:41:18,Bilbao,BIO,2021-09-29 05:31:18,10
992,Sevilla,SVQ,2021-10-30 06:39:05,Alicante,ALC,2021-10-30 07:29:05,3
993,Bilbao,BIO,2021-10-18 21:32:25,Alicante,ALC,2021-10-18 22:22:25,3
994,A Coruña,LCG,2021-09-26 16:36:46,Santiago de Compostela,STG,2021-09-26 17:26:46,4
995,Alicante,ALC,2022-01-06 03:10:07,A Coruña,LCG,2022-01-06 04:00:07,6
996,Madrid,MAD,2022-07-22 01:59:59,Bilbao,BIO,2022-07-22 02:49:59,7
997,Sevilla,SVQ,2021-09-30 19:11:42,A Coruña,LCG,2021-09-30 20:01:42,5
998,Valencia,VLC,2022-07-31 04:03:31,Madrid,MAD,2022-07-31 04:53:31,4
999,Bilbao,BIO,2021-12-04 12:51:52,Barcelona,BCN,2021-12-04 13:41:52,4
1000,Sevilla,SVQ,2022-02-20 10:20:42,Bilbao,BIO,2022-02-20 11:10:42,3
